date,num_comments,title,subreddit,URL
08-07-21,2,Covid Gauteng records deadliest week on record amid third wave driven by De,southafrica,http://www.reddit.com/r/southafrica/comments/og0rpe/covid19_gauteng_records_deadliest_week_on_record/
07-07-21,35,Proceed with caution Employers have a right to insist that employees be vaccinated against Covid,southafrica,http://www.reddit.com/r/southafrica/comments/ofc8jc/proceed_with_caution_employers_have_a_right_to/
05-07-21,0,COVID in SAnew casesdeaths recordedeNCA,southafrica,http://www.reddit.com/r/southafrica/comments/oe1qns/covid19_in_sa_16585_new_cases_333_deaths_recorded/
04-07-21,5,Zuma appeals against his sentence Says he is at risk due to Covid,southafrica,http://www.reddit.com/r/southafrica/comments/odo9xp/zuma_appeals_against_his_sentence_says_he_is_at/
04-07-21,39,Covid deaths in Gauteng much worse than reported,southafrica,http://www.reddit.com/r/southafrica/comments/odhecm/covid19_deaths_in_gauteng_much_worse_than_reported/
04-07-21,7,Positive New Data for JohnsonJohnson SingleShot COVID Vaccine on Activity Against Delta Variant and Longlasting Durability of ResponseJohnsonJohnson,southafrica,http://www.reddit.com/r/southafrica/comments/od9jbu/positive_new_data_for_johnson_johnson_singleshot/
03-07-21,44,Zuma tells ConCourt jail term is a death sentence raises Covid fears in,southafrica,http://www.reddit.com/r/southafrica/comments/ocwc8a/zuma_tells_concourt_jail_term_is_a_death_sentence/
03-07-21,22,Sahpra approves use of Sinovac Covid vaccine,southafrica,http://www.reddit.com/r/southafrica/comments/octwlj/sahpra_approves_use_of_sinovac_covid19_vaccine/
03-07-21,1,COVID Gauteng health dept repurposing its budget to recruit more staff beds,southafrica,http://www.reddit.com/r/southafrica/comments/ocu458/covid19_gauteng_health_dept_repurposing_its/
03-07-21,0,COVID in SAnew casesdeathseNCA,southafrica,http://www.reddit.com/r/southafrica/comments/ocsz41/covid19_in_sa_24270_new_cases_303_deaths_enca/
02-07-21,14,COVID in SAnew casesdeaths,southafrica,http://www.reddit.com/r/southafrica/comments/och22i/covid19_in_sa_24270_new_cases_303_deaths/
02-07-21,1,Covid South Africa recordsnew infectionsdeathsNews,southafrica,http://www.reddit.com/r/southafrica/comments/oc4sxv/covid19_south_africa_records_21_584_new/
01-07-21,12,SA recordsmore COVID deathsnew casesEyewitness News,southafrica,http://www.reddit.com/r/southafrica/comments/obg8uk/sa_records_383_more_covid_deaths_19506_new_cases/
01-07-21,0,Decision on Sinovac Covid vaccine application expected soonSahpraNews,southafrica,http://www.reddit.com/r/southafrica/comments/obnmcz/decision_on_sinovac_covid19_vaccine_application/
06-07-21,6,Governments Vaccine rollout programme,southafrica,http://www.reddit.com/r/southafrica/comments/of6biy/governments_vaccine_rollout_programme/
28-06-21,11,Delta variant of Covid hits South Africa Gauteng will look like India warns expert,southafrica,http://www.reddit.com/r/southafrica/comments/o9dlc0/delta_variant_of_covid19_hits_south_africa/
26-06-21,6,Covid daily cases trend by provinceJune,southafrica,http://www.reddit.com/r/southafrica/comments/o8hu0v/covid19_daily_cases_trend_by_province_26_june_2021/
26-06-21,1,Are we seeing a repeat of the Indian COVID tragedy in AfricaCOVID Special,southafrica,http://www.reddit.com/r/southafrica/comments/o8542j/are_we_seeing_a_repeat_of_the_indian_covid/
25-06-21,22,Police and soldiers to arrest those not wearing Covid masks in Gauteng  Premier David Makhura,southafrica,http://www.reddit.com/r/southafrica/comments/o7krgl/police_and_soldiers_to_arrest_those_not_wearing/
25-06-21,0,Western Cape battling to control spike in Covid infectionsIOL,southafrica,http://www.reddit.com/r/southafrica/comments/o7pet4/western_cape_battling_to_control_spike_in_covid19/
25-06-21,17,EFF take to the streets to demand approval of Sputnik V and Coronavac Covid vaccinesIndependent Online,southafrica,http://www.reddit.com/r/southafrica/comments/o7igc8/eff_take_to_the_streets_to_demand_approval_of/
24-06-21,4,People are going to dieDoctors forced to choose who to save as Covid third wave batters GautengNews,southafrica,http://www.reddit.com/r/southafrica/comments/o6vl7e/people_are_going_to_die_doctors_forced_to_choose/
23-06-21,2,Ramaphosa worried about Gauteng COVID waveeNCA,southafrica,http://www.reddit.com/r/southafrica/comments/o67l6r/ramaphosa_worried_about_gauteng_covid19_wave_enca/
22-06-21,1,Covid Too late to put in tighter restrictions on GautengexpertsNews,southafrica,http://www.reddit.com/r/southafrica/comments/o5gsat/covid19_too_late_to_put_in_tighter_restrictions/
27-06-21,262,Lockdown LevelMegathread,southafrica,http://www.reddit.com/r/southafrica/comments/o92pb1/lockdown_level_4_megathread/
20-06-21,0,SAs Covid cases climb by more thannew deaths reportedIOL,southafrica,http://www.reddit.com/r/southafrica/comments/o3zo0x/sas_covid19_cases_climb_by_more_than_13_500_149/
20-06-21,3,Joburg Mayor Geoff Makhubo positive for CovidNews,southafrica,http://www.reddit.com/r/southafrica/comments/o47j47/joburg_mayor_geoff_makhubo_positive_for_covid19/
19-06-21,7,SA records more thannew Covid cases inhoursTimesLIVE,southafrica,http://www.reddit.com/r/southafrica/comments/o3a920/sa_records_more_than_10500_new_covid19_cases_in/
19-06-21,2,COVIDSANDF says Ramaphosa must approve deploymenteNCA,southafrica,http://www.reddit.com/r/southafrica/comments/o3hxtd/covid19_sandf_says_ramaphosa_must_approve/
19-06-21,4,Covid Schools,southafrica,http://www.reddit.com/r/southafrica/comments/o3fqxi/covid19_schools/
19-06-21,0,COVID in SA SANDF medics deployed to GautengeNCA,southafrica,http://www.reddit.com/r/southafrica/comments/o3a91g/covid19_in_sa_sandf_medics_deployed_to_gauteng/
16-06-21,5,WATCHWe wont comply with Ramaphosas Covid lockdown rules until we get vaccinesMalemaNews,southafrica,http://www.reddit.com/r/southafrica/comments/o16w2x/watch_we_wont_comply_with_ramaphosas_covid19/
16-06-21,13,Alcohol Sales and Covid,southafrica,http://www.reddit.com/r/southafrica/comments/o0zbjs/alcohol_sales_and_covid19/
16-06-21,3,Crime joblessness and Covid Why young people are angry and frustratedNews,southafrica,http://www.reddit.com/r/southafrica/comments/o0yv26/crime_joblessness_and_covid19_why_young_people/
16-06-21,1,President Ramaphosa addresses the nation on governments Covid responseTimesLIVE,southafrica,http://www.reddit.com/r/southafrica/comments/o0yv1j/president_ramaphosa_addresses_the_nation_on/
13-06-21,0,new Covid cases in SAdeaths recorded By IOL Reporter m agoIOL,southafrica,http://www.reddit.com/r/southafrica/comments/nyqs9q/9_320_new_covid19_cases_in_sa_114_deaths_recorded/
12-06-21,5,SA recordsmore COVID cases with Gauteng accounting forof totalEyewitness News,southafrica,http://www.reddit.com/r/southafrica/comments/ny8nab/sa_records_8021_more_covid19_cases_with_gauteng/
12-06-21,0,Covid SA recordsnew confirmed cases anddeathsNews,southafrica,http://www.reddit.com/r/southafrica/comments/ny0s9n/covid19_sa_records_8_021_new_confirmed_cases_and/
07-06-21,1,new Covid cases recorded as SAs recovery rate stands atIOL,southafrica,http://www.reddit.com/r/southafrica/comments/nu68kg/5_074_new_covid19_cases_recorded_as_sas_recovery/
05-06-21,5,Overnew Covid infectionsmore people vaccinatedIOL,southafrica,http://www.reddit.com/r/southafrica/comments/nspvv5/over_5_600_new_covid19_infections_66_000_more/
04-06-21,1,Affluent areas hard hit by prethird wave Covid spike in CapeIOL,southafrica,http://www.reddit.com/r/southafrica/comments/ns75kp/affluent_areas_hard_hit_by_prethird_wave_covid19/
03-06-21,1,COVID in SAdeathsnew cases recordedeNCA,southafrica,http://www.reddit.com/r/southafrica/comments/nr758d/covid19_in_sa_110_deaths_5782_new_cases_recorded/
01-06-21,8,Ramaphosa announces arrival of more COVID vaccine doses in SAEyewitness News,southafrica,http://www.reddit.com/r/southafrica/comments/npnwmk/ramaphosa_announces_arrival_of_more_covid19/
01-06-21,0,Covidventilator project,southafrica,http://www.reddit.com/r/southafrica/comments/npuzhz/covid_19_ventilator_project/
31-05-21,1,Further COVID restrictions necessary says Ramaphosa as SA moves to levelEyewitness News,southafrica,http://www.reddit.com/r/southafrica/comments/nox6e9/further_covid19_restrictions_necessary_says/
30-05-21,4,Ramaphosa to address the nation on stricter Covid lockdown measures atNews,southafrica,http://www.reddit.com/r/southafrica/comments/nocya2/ramaphosa_to_address_the_nation_on_stricter/
30-05-21,0,COVIDWe are approaching third waveRamaphosaeNCA,southafrica,http://www.reddit.com/r/southafrica/comments/no5ip5/covid19_we_are_approaching_third_wave_ramaphosa/
30-05-21,2,Covid Harsh curbs comingCitypressNews,southafrica,http://www.reddit.com/r/southafrica/comments/no5ipi/covid19_harsh_curbs_coming_citypress_news24/
29-05-21,1,My web app showing trends in daily covid cases by province,southafrica,http://www.reddit.com/r/southafrica/comments/nnszyo/my_web_app_showing_trends_in_daily_covid19_cases/
29-05-21,10,Covid vaccine rollout Government is moving as fast as it can Parliament hearsNews,southafrica,http://www.reddit.com/r/southafrica/comments/nnhq5k/covid19_vaccine_rollout_government_is_moving_as/
25-05-21,5,UIF CFO COO back at work after Covid Ters corruption suspensions,southafrica,http://www.reddit.com/r/southafrica/comments/nkjujn/uif_cfo_coo_back_at_work_after_covid19_ters/
25-05-21,5,Exposed DoHs Rm Digital Vibes scandal  Zweli Mkhize associates charged millions for Covid media briefings,southafrica,http://www.reddit.com/r/southafrica/comments/nkjga7/exposed_dohs_r150m_digital_vibes_scandal_zweli/
20-05-21,1,Covid Sharp rise in active cases in Gauteng as SA death toll increases byNews,southafrica,http://www.reddit.com/r/southafrica/comments/nh2gsd/covid19_sharp_rise_in_active_cases_in_gauteng_as/
20-05-21,1,How long will you wait for a Covid vaccination appointment We answerEVDS questionsNews,southafrica,http://www.reddit.com/r/southafrica/comments/ngtagd/how_long_will_you_wait_for_a_covid19_vaccination/
17-05-21,5,Discovery has started Covid vaccinationsand nonmembers can also get jabbed at its sites,southafrica,http://www.reddit.com/r/southafrica/comments/ned9yw/discovery_has_started_covid19_vaccinations_and/
17-05-21,0,Its important to give this country a fighting chance Phaseof Covid vaccinations startsNews,southafrica,http://www.reddit.com/r/southafrica/comments/neiidn/its_important_to_give_this_country_a_fighting/
17-05-21,1,Questions about stability of Covid platform on Dayof second phase vaccinationsNews,southafrica,http://www.reddit.com/r/southafrica/comments/ne95l2/questions_about_stability_of_covid19_platform_on/
16-05-21,0,Covid SA reportsnew cases anddeaths By IOL Reporter s agoIOL,southafrica,http://www.reddit.com/r/southafrica/comments/ndimmq/covid19_sa_reports_2750_new_cases_and_59_deaths/
14-05-21,3,Covid in SAnew casesnew deathsIOL,southafrica,http://www.reddit.com/r/southafrica/comments/nc2g4g/covid19_in_sa_3221_new_cases_44_new_deaths_iol/
12-05-21,48,For International Nurses Dayhere is my story of how I surviveddays in hospital with severe Covid,southafrica,http://www.reddit.com/r/southafrica/comments/nalfa0/for_international_nurses_day_here_is_my_story_of/
13-05-21,0,New Covid data shows infections rising in these areas  as third wave hits South AfricaBusinessTech,southafrica,http://www.reddit.com/r/southafrica/comments/nbal10/new_covid19_data_shows_infections_rising_in_these/
13-05-21,7,Kyle CowanMinister Mkhize its time to trust South Africans with the truth around CovidNews,southafrica,http://www.reddit.com/r/southafrica/comments/nbilw2/kyle_cowan_minister_mkhize_its_time_to_trust/
12-05-21,22,of South Africans are willing to take the Covid vaccinestudyNews,southafrica,http://www.reddit.com/r/southafrica/comments/naqqku/71_of_south_africans_are_willing_to_take_the/
11-05-21,16,Blockchainbased VXPASS selected to manage and verify digital records for COVID vaccination rollout for Kingdom of Lesotho,southafrica,http://www.reddit.com/r/southafrica/comments/n9zcbb/blockchainbased_vxpass_selected_to_manage_and/
11-05-21,3,Covid Move to a stricter lockdown level experts warn as third wave loomsNews,southafrica,http://www.reddit.com/r/southafrica/comments/n9qzsj/covid19_move_to_a_stricter_lockdown_level_experts/
16-05-21,30,With vaccines opening up to more of the public what is your view if your opportunity came now to get one,southafrica,http://www.reddit.com/r/southafrica/comments/ndjs91/with_vaccines_opening_up_to_more_of_the_public/
08-05-21,7,Vaccine tourism South Africans cross border to Zimbabwe for Covid jab,southafrica,http://www.reddit.com/r/southafrica/comments/n7na5q/vaccine_tourism_south_africans_cross_border_to/
06-05-21,5,SA sees jump in new COVID infections ascases recorded,southafrica,http://www.reddit.com/r/southafrica/comments/n63utt/sa_sees_jump_in_new_covid19_infections_as_2073/
05-05-21,18,Ramaphosa warns vaccine hoarding hampers global fight against CovidNews,southafrica,http://www.reddit.com/r/southafrica/comments/n59r0d/ramaphosa_warns_vaccine_hoarding_hampers_global/
04-05-21,0,Indian cargo ship quarantined in Durbancrew tested for CovidTimesLIVE,southafrica,http://www.reddit.com/r/southafrica/comments/n4qft3/indian_cargo_ship_quarantined_in_durban_14_crew/
04-05-21,4,Covid SA does not have the B variant which is prevalent in IndiaZweli MkhizeNews,southafrica,http://www.reddit.com/r/southafrica/comments/n4i2vl/covid19_sa_does_not_have_the_b1617_variant_which/
03-05-21,3,Covid in South Africaexcess deaths in one year,southafrica,http://www.reddit.com/r/southafrica/comments/n453yh/covid19_in_south_africa_150000_excess_deaths_in/
03-05-21,4,Individual who travelled from India to SA tests positive for Covid,southafrica,http://www.reddit.com/r/southafrica/comments/n3yf2q/individual_who_travelled_from_india_to_sa_tests/
01-05-21,0,Covid in South Africa Death toll climbs byas infections increase byNews,southafrica,http://www.reddit.com/r/southafrica/comments/n2k0a9/covid19_in_south_africa_death_toll_climbs_by_46/
29-04-21,5,The rand has emerged as an unlikely winner among emerging market currencies since the COVID pandemic swept the globe despite South Africas high levels of debt and unemployment,southafrica,http://www.reddit.com/r/southafrica/comments/n0txa0/the_rand_has_emerged_as_an_unlikely_winner_among/
28-04-21,25,South Africa to use Russian and Chinese Covid vaccines,southafrica,http://www.reddit.com/r/southafrica/comments/n0f4ru/south_africa_to_use_russian_and_chinese_covid19/
26-04-21,7,Moderna on Intellectual Property Matters during the COVID Pandemic,southafrica,http://www.reddit.com/r/southafrica/comments/myvwxu/moderna_on_intellectual_property_matters_during/
30-04-21,6,Study on Coping with Working From Home During the Pandemic,southafrica,http://www.reddit.com/r/southafrica/comments/n1k403/study_on_coping_with_working_from_home_during_the/
20-04-21,6,More than k elderly SAfricans registered for Covid vaccine rollout so far,southafrica,http://www.reddit.com/r/southafrica/comments/mum45a/more_than_343k_elderly_safricans_registered_for/
16-04-21,3,more Covid related deaths andnew cases in SA as Mkhize set to launch phaseof vaccine rolloutIOL,southafrica,http://www.reddit.com/r/southafrica/comments/mrxsqc/73_more_covid19_related_deaths_and_1_372_new/
15-04-21,47,The Covid vaccine you will receive based on where you live  and the jobs that will likely be vaccinated firstBusinessTech,southafrica,http://www.reddit.com/r/southafrica/comments/mr9fmh/the_covid19_vaccine_you_will_receive_based_on/
15-04-21,38,Myyear old mom survived Covid in a public hospital,southafrica,http://www.reddit.com/r/southafrica/comments/mrqbnx/my_67_year_old_mom_survived_covid_in_a_public/
08-04-21,0,South Africas Covid vaccination programme fallen behind at least six African countries a Bloomberg global vaccine tracker shows,southafrica,http://www.reddit.com/r/southafrica/comments/mmrz5g/south_africas_covid19_vaccination_programme/
06-04-21,33,SA signs deal formillion Pfizer Covid doses,southafrica,http://www.reddit.com/r/southafrica/comments/ml8666/sa_signs_deal_for_20_million_pfizer_covid19_doses/
06-04-21,4,COVID South Africa Zimbabwe rush to contain potential surge,southafrica,http://www.reddit.com/r/southafrica/comments/mkzirm/covid19_south_africa_zimbabwe_rush_to_contain/
04-04-21,4,Read next on IOL SAs Covid death rate now atIOL,southafrica,http://www.reddit.com/r/southafrica/comments/mjr68g/read_next_on_iol_sas_covid19_death_rate_now_at_52/
03-04-21,2,Major retailer among many rising to call to help beloved Dr Sindi in Covid battleIndependent Online,southafrica,http://www.reddit.com/r/southafrica/comments/mja5dh/major_retailer_among_many_rising_to_call_to_help/
30-03-21,6,CovidSituation in SA,southafrica,http://www.reddit.com/r/southafrica/comments/mg3xej/covid_19_situation_in_sa/
30-03-21,10,South Africa launches TB mobile clinics amid COVID disruption,southafrica,http://www.reddit.com/r/southafrica/comments/mg528d/south_africa_launches_tb_mobile_clinics_amid/
29-03-21,2,JJ To Deliver Millions of COVID Vaccines To Africa,southafrica,http://www.reddit.com/r/southafrica/comments/mfuhvm/jj_to_deliver_millions_of_covid19_vaccines_to/
29-03-21,0,Cape Town artists stage protest over management of Covid relief fundingNews,southafrica,http://www.reddit.com/r/southafrica/comments/mfjpvh/cape_town_artists_stage_protest_over_management/
28-03-21,2,Easter weekend Brace for the Covid perfect stormIOL,southafrica,http://www.reddit.com/r/southafrica/comments/mewevw/easter_weekend_brace_for_the_covid19_perfect/
23-03-21,2,Out ofnew Covid deaths in SAare in KwaZuluNatalTimesLIVE,southafrica,http://www.reddit.com/r/southafrica/comments/mb8twz/out_of_85_new_covid19_deaths_in_sa_70_are_in/
21-03-21,31,President Ramaphosa promises Covid vaccines for every person in the countryNews,southafrica,http://www.reddit.com/r/southafrica/comments/m9yfd1/president_ramaphosa_promises_covid19_vaccines_for/
20-03-21,1,Cape Town company to manufacture Covid vaccineTimesLIVE,southafrica,http://www.reddit.com/r/southafrica/comments/m91p0g/cape_town_company_to_manufacture_covid19_vaccine/
17-03-21,1,Covid Outbreaks at Western Cape school prison reignite third wave fearsNews,southafrica,http://www.reddit.com/r/southafrica/comments/m72bal/covid19_outbreaks_at_western_cape_school_prison/
23-03-21,3,Today marksdays since Ramaphosa announced an initialday lockdown,southafrica,http://www.reddit.com/r/southafrica/comments/mblqq5/today_marks_365_days_since_ramaphosa_announced_an/
13-03-21,42,Insurers planning for two and a half more Covid waves in South Africa,southafrica,http://www.reddit.com/r/southafrica/comments/m40idl/insurers_planning_for_two_and_a_half_more_covid19/
11-03-21,6,Mauritius Will Provide Free Visas and COVID Vaccines to Longterm Visitors The program is part of an effort to fully reopen the countrys borders and entice longterm visitors,southafrica,http://www.reddit.com/r/southafrica/comments/m2k2he/mauritius_will_provide_free_visas_and_covid19/
07-03-21,1,Absa Deputy CEO Peter Matlare has died from Covid complications,southafrica,http://www.reddit.com/r/southafrica/comments/m00wfq/absa_deputy_ceo_peter_matlare_has_died_from/
14-03-21,3,Anybody know a place in South Africa that does custom ashtrays,southafrica,http://www.reddit.com/r/southafrica/comments/m4wpw7/anybody_know_a_place_in_south_africa_that_does/
07-03-21,0,Covid SA finalising sale of m AstraZeneca vaccine doses to AU at price purchased from IndiaNews,southafrica,http://www.reddit.com/r/southafrica/comments/lzlbz4/covid19_sa_finalising_sale_of_1m_astrazeneca/
06-03-21,3,Covid SA finalising sale of m AstraZeneca vaccine doses to AU at price purchased from IndiaNews,southafrica,http://www.reddit.com/r/southafrica/comments/lz3a4m/covid19_sa_finalising_sale_of_1m_astrazeneca/
06-03-21,4,Covid SA finalising sale of m AstraZeneca vaccine doses to AU at price purchased from IndiaNews,southafrica,http://www.reddit.com/r/southafrica/comments/lyw7iy/covid19_sa_finalising_sale_of_1m_astrazeneca/
06-03-21,8,Covid deaths in SA rise towithnew cases By IOLIOL,southafrica,http://www.reddit.com/r/southafrica/comments/lyw7im/covid19_deaths_in_sa_rise_to_50_566_with_1_313/
05-03-21,14,SCORPIO Digital Vibes owner worked at a fuel station during Rm Department of Health Covid contract,southafrica,http://www.reddit.com/r/southafrica/comments/lymdqf/scorpio_digital_vibes_owner_worked_at_a_fuel/
05-03-21,3,BloombergSouth Africa to miss Covid vaccination targets,southafrica,http://www.reddit.com/r/southafrica/comments/lycct8/bloomberg_south_africa_to_miss_covid19/
05-03-21,7,South Africas actual Covid death rate  one year laterBusinessTech,southafrica,http://www.reddit.com/r/southafrica/comments/lydnh9/south_africas_actual_covid19_death_rate_one_year/
05-03-21,0,new Covid cases identified in SA h agoIOL,southafrica,http://www.reddit.com/r/southafrica/comments/ly6b22/1_404_new_covid19_cases_identified_in_sa_6h_ago/
05-03-21,0,A year of Covid in SA This is why alcohol was banned By SeAnneIOL,southafrica,http://www.reddit.com/r/southafrica/comments/ly6b1s/a_year_of_covid19_in_sa_this_is_why_alcohol_was/
04-03-21,1,New SA Covid cases rise overwithdeaths IOL NewsIOL,southafrica,http://www.reddit.com/r/southafrica/comments/lxeu19/new_sa_covid19_cases_rise_over_1_000_with_95/
03-03-21,5,Covid third wave might hit earlier than expectedNews,southafrica,http://www.reddit.com/r/southafrica/comments/lwvu4n/covid19_third_wave_might_hit_earlier_than/
03-03-21,2,Covid third wave might hit earlier than expectedNews,southafrica,http://www.reddit.com/r/southafrica/comments/lwnnbp/covid19_third_wave_might_hit_earlier_than/
02-03-21,11,Covid third wave might hit earlier than expectedNews,southafrica,http://www.reddit.com/r/southafrica/comments/lvw3zg/covid19_third_wave_might_hit_earlier_than/
26-02-21,0,COVID Vaccination Programme rollout,southafrica,http://www.reddit.com/r/southafrica/comments/lsyjj6/covid19_vaccination_programme_rollout/
24-02-21,11,Zweli Mkhizes family friend and exprivate secretary pocket Covid cash via Rm Department of Health contractsDaily Maverick,southafrica,http://www.reddit.com/r/southafrica/comments/lr68j7/zweli_mkhizes_family_friend_and_exprivate/
23-02-21,4,Covid corruption in Gauteng Makhura vows to jail guilty culpritsNews,southafrica,http://www.reddit.com/r/southafrica/comments/lqkbum/covid19_corruption_in_gauteng_makhura_vows_to/
22-02-21,2,Doctors allegedly denied COVID vaccine at Steve Biko Hospital speak out,southafrica,http://www.reddit.com/r/southafrica/comments/lpogwy/doctors_allegedly_denied_covid19_vaccine_at_steve/
20-02-21,10,France wants to support SA in producing Covid vaccineNews,southafrica,http://www.reddit.com/r/southafrica/comments/lo8t6m/france_wants_to_support_sa_in_producing_covid19/
20-02-21,0,Inside Covid Meet yearold SA scientist at forefront of global research into variants big pharma retools vaccinesBizNews,southafrica,http://www.reddit.com/r/southafrica/comments/lo1kxx/inside_covid19_meet_32yearold_sa_scientist_at/
18-02-21,1,Big Pharma wants to help poor countries fight Covidbut theyd better pay,southafrica,http://www.reddit.com/r/southafrica/comments/lmqi61/big_pharma_wants_to_help_poor_countries_fight/
17-02-21,8,No tears Ramaphosa gets his COVID vaccine jabEyewitness News,southafrica,http://www.reddit.com/r/southafrica/comments/llwc73/no_tears_ramaphosa_gets_his_covid19_vaccine_jab/
16-02-21,13,A Covid vaccine apartheid would endanger us all,southafrica,http://www.reddit.com/r/southafrica/comments/ll8n6o/a_covid19_vaccine_apartheid_would_endanger_us_all/
15-02-21,4,ILRIGs latest infographic in which they highlight the need for a public free and equitable approach to COVID vaccines and debunk some common myths around them,southafrica,http://www.reddit.com/r/southafrica/comments/lkel3j/ilrigs_latest_infographic_in_which_they_highlight/
15-02-21,13,Surprisingly high number of South Africans have COVID antibodies,southafrica,http://www.reddit.com/r/southafrica/comments/lkajpv/surprisingly_high_number_of_south_africans_have/
13-02-21,2,SA secures over m COVID vaccine doses ahead of mass rolloutEyewitness News,southafrica,http://www.reddit.com/r/southafrica/comments/livgu0/sa_secures_over_40m_covid19_vaccine_doses_ahead/
10-02-21,2,Covid vaccine JohnsonJohnson applies for emergency authorisation from SAHPRAIOL,southafrica,http://www.reddit.com/r/southafrica/comments/lgve17/covid19_vaccine_johnson_johnson_applies_for/
08-02-21,3,I just wanted to take time to point out two great South African doctors who have been saving lives during this time of COVID,southafrica,http://www.reddit.com/r/southafrica/comments/lfiyk9/i_just_wanted_to_take_time_to_point_out_two_great/
08-02-21,1,How dodgy officials cashed in on South Africas Covid pandemic RamaphosaBusinessTech,southafrica,http://www.reddit.com/r/southafrica/comments/lf6aqy/how_dodgy_officials_cashed_in_on_south_africas/
08-02-21,0,Covid RwandAir suspends flights to southern Africa,southafrica,http://www.reddit.com/r/southafrica/comments/lf6uxi/covid19_rwandair_suspends_flights_to_southern/
07-02-21,7,AstraZeneca vaccine far less effective against South African Covid variant,southafrica,http://www.reddit.com/r/southafrica/comments/leifbj/astrazeneca_vaccine_far_less_effective_against/
06-02-21,0,Mkhize explains why SA is paying more for the Covid vaccine in comparison to other nationsSowetanLIVE,southafrica,http://www.reddit.com/r/southafrica/comments/ldz6zn/mkhize_explains_why_sa_is_paying_more_for_the/
06-02-21,0,SA recordsnew Covid infections anddeaths inhoursTimesLIVE,southafrica,http://www.reddit.com/r/southafrica/comments/lds1wr/sa_records_3751_new_covid19_infections_and_261/
05-02-21,17,No meaningful evidence for clinical efficacy in patients with Covidivermectin manufacturer,southafrica,http://www.reddit.com/r/southafrica/comments/ldb84x/no_meaningful_evidence_for_clinical_efficacy_in/
03-02-21,10,You can now register online for a COVID vaccine in South Africa,southafrica,http://www.reddit.com/r/southafrica/comments/lboun4/you_can_now_register_online_for_a_covid19_vaccine/
03-02-21,1,SA launches electronic COVID vaccination systemConnecting Africa,southafrica,http://www.reddit.com/r/southafrica/comments/lbr5rr/sa_launches_electronic_covid19_vaccination_system/
03-02-21,4,DOCUMENTARY Scramble for COVID vaccine,southafrica,http://www.reddit.com/r/southafrica/comments/lbju7t/documentary_scramble_for_covid19_vaccine/
02-02-21,1,Report shows how South African workers were scammed out of Covid payments by their bossesBusinessTech,southafrica,http://www.reddit.com/r/southafrica/comments/laxgb0/report_shows_how_south_african_workers_were/
02-02-21,2,Australia Test tour to South Africa called off due to escalating Covid situation,southafrica,http://www.reddit.com/r/southafrica/comments/lasilp/australia_test_tour_to_south_africa_called_off/
02-02-21,3,SA to nominate Cuban doctors for Nobel Peace Prize for helping in fight against CovidNews,southafrica,http://www.reddit.com/r/southafrica/comments/laxg8i/sa_to_nominate_cuban_doctors_for_nobel_peace/
01-02-21,1,My fellow South Africans check out my succinct COVID site,southafrica,http://www.reddit.com/r/southafrica/comments/lackt9/my_fellow_south_africans_check_out_my_succinct/
01-02-21,1,Ramaphosa defends enforcing lockdown to curb COVID infectionsEyewitness News,southafrica,http://www.reddit.com/r/southafrica/comments/la4y5j/ramaphosa_defends_enforcing_lockdown_to_curb/
01-02-21,14,South Africa set to receive anothermillion surprise Covid vaccine doses,southafrica,http://www.reddit.com/r/southafrica/comments/l9uufz/south_africa_set_to_receive_another_20_million/
01-02-21,7,President Cyril Ramaphosa to personally receive first batch of Covid vaccine dosesNews,southafrica,http://www.reddit.com/r/southafrica/comments/l9x8e7/president_cyril_ramaphosa_to_personally_receive/
30-01-21,9,The Supreme Court of Appeal has found that while the Covid pandemic poses the biggest threat to this country since the Spanish flu a century ago some restrictions infringed on our rights  like banning hot food and curbing exercise,southafrica,http://www.reddit.com/r/southafrica/comments/l8vfx2/the_supreme_court_of_appeal_has_found_that_while/
31-01-21,3,Covid South Africa recordsnew casesmore deathsNews,southafrica,http://www.reddit.com/r/southafrica/comments/l96yma/covid19_south_africa_records_5_297_new_cases_318/
30-01-21,39,GROUNDUP Oped Covid Ivermectin obsession is dangerous,southafrica,http://www.reddit.com/r/southafrica/comments/l8g9r0/groundup_oped_covid19_ivermectin_obsession_is/
30-01-21,5,We Know More About Those COVID Variants Its Not GreatSciShow News,southafrica,http://www.reddit.com/r/southafrica/comments/l8ep5b/we_know_more_about_those_covid19_variants_its_not/
30-01-21,0,Read next on IOL Overnew Covid cases reported in SAIOL,southafrica,http://www.reddit.com/r/southafrica/comments/l8g6i4/read_next_on_iol_over_6_000_new_covid19_cases/
29-01-21,6,Ill NEVER get tested again SA reacts to Covid anal swab testing in China,southafrica,http://www.reddit.com/r/southafrica/comments/l7u98c/ill_never_get_tested_again_sa_reacts_to_covid19/
29-01-21,4,Rbn Tourism Equity Fund launched to bolster transformationNew funding source for BLACKowned small businesses and entrepreneurs in an industry hardhit by Covid,southafrica,http://www.reddit.com/r/southafrica/comments/l7kem6/r12bn_tourism_equity_fund_launched_to_bolster/
29-01-21,6,Doctor who discovered Ivermectin use for Covid was born in SA studied at Wits,southafrica,http://www.reddit.com/r/southafrica/comments/l7qdhi/doctor_who_discovered_ivermectin_use_for_covid19/
28-01-21,3,Western Capes COVID cases decline by more thanin two weeks,southafrica,http://www.reddit.com/r/southafrica/comments/l6p4ld/western_capes_covid19_cases_decline_by_more_than/
27-01-21,11,Illegal immigrants wont be denied Covid vaccine,southafrica,http://www.reddit.com/r/southafrica/comments/l6bmex/illegal_immigrants_wont_be_denied_covid19_vaccine/
27-01-21,17,Warning over plan to use South Africas Covid vaccines for BEE,southafrica,http://www.reddit.com/r/southafrica/comments/l615i0/warning_over_plan_to_use_south_africas_covid19/
27-01-21,10,South Africas COVID Vaccine Strategy and Rollout,southafrica,http://www.reddit.com/r/southafrica/comments/l6czxo/south_africas_covid19_vaccine_strategy_and_rollout/
27-01-21,5,Heres how many South Africans say they will take a Covid vaccine,southafrica,http://www.reddit.com/r/southafrica/comments/l5yivf/heres_how_many_south_africans_say_they_will_take/
25-01-21,1,Revealed Biovacs plan for distribution of the first tranche of SAs Covid vaccineDaily Maverick,southafrica,http://www.reddit.com/r/southafrica/comments/l4phk6/revealed_biovacs_plan_for_distribution_of_the/
25-01-21,5,Biden to Reinstate COVID Travel Restrictions Impose Ban on South Africa,southafrica,http://www.reddit.com/r/southafrica/comments/l4opgd/biden_to_reinstate_covid19_travel_restrictions/
25-01-21,38,SANDF lostof dubious COVID medicine because it forgot fridge doors open,southafrica,http://www.reddit.com/r/southafrica/comments/l4gf6f/sandf_lost_40_of_dubious_covid19_medicine_because/
24-01-21,11,The SAMRCs latest report estimatesexcess natural deaths since the start of the COVID epidemic in South Africa,southafrica,http://www.reddit.com/r/southafrica/comments/l401bs/the_samrcs_latest_report_estimates_112_000_excess/
24-01-21,0,Experts warn of third Covid wave in South Africa amid vaccination delay reportBusinessTech,southafrica,http://www.reddit.com/r/southafrica/comments/l40uif/experts_warn_of_third_covid19_wave_in_south/
23-01-21,21,Covid Second Wave,southafrica,http://www.reddit.com/r/southafrica/comments/l37s78/covid19_second_wave/
23-01-21,3,now dead from Covid in SA but Mkhize says promising evidence that second wave on the declineTimesLIVE,southafrica,http://www.reddit.com/r/southafrica/comments/l37bbq/40000_now_dead_from_covid19_in_sa_but_mkhize_says/
22-01-21,30,Deeply Alarming AstraZeneca Charging South Africa More Than Double What Europeans Pay for Covid Vaccine,southafrica,http://www.reddit.com/r/southafrica/comments/l2rekc/deeply_alarming_astrazeneca_charging_south_africa/
21-01-21,3,New SA Covid variant defeats plasma treatment may reduce vaccine efficacyscientistsIOL,southafrica,http://www.reddit.com/r/southafrica/comments/l1t6xf/new_sa_covid19_variant_defeats_plasma_treatment/
21-01-21,0,COVID patient transported in first of its kind SIU ambulance,southafrica,http://www.reddit.com/r/southafrica/comments/l1uq1m/covid19_patient_transported_in_first_of_its_kind/
20-01-21,0,Government hospitals will continue accommodating Covid patients from private hospitalsMkhizeNews,southafrica,http://www.reddit.com/r/southafrica/comments/l1at6k/government_hospitals_will_continue_accommodating/
20-01-21,1,Covid Spike sees SA recordnew infections andnew deathsNews,southafrica,http://www.reddit.com/r/southafrica/comments/l13xuk/covid19_spike_sees_sa_record_9_780_new_infections/
19-01-21,42,SA to getmillion Johnson and Johnson Covid vaccine shotsIOL,southafrica,http://www.reddit.com/r/southafrica/comments/l0ehtk/sa_to_get_9_million_johnson_and_johnson_covid19/
19-01-21,17,South Africa is getting a Covid vaccine ID system  how it will work,southafrica,http://www.reddit.com/r/southafrica/comments/l0r2j1/south_africa_is_getting_a_covid19_vaccine_id/
19-01-21,3,South Africas Covid vaccine rollout What we do know and what were still struggling to find outDaily Maverick,southafrica,http://www.reddit.com/r/southafrica/comments/l0lh2s/south_africas_covid19_vaccine_rollout_what_we_do/
18-01-21,3,Good news awaits Joburg City Power customers on load shedding Cosatu slates Eskoms Covid excusesIOL,southafrica,http://www.reddit.com/r/southafrica/comments/kzw7w9/good_news_awaits_joburg_city_power_customers_on/
18-01-21,8,South Africa is better prepared for a third wave of Covid RamaphosaBusinessTech,southafrica,http://www.reddit.com/r/southafrica/comments/kzw7yg/south_africa_is_better_prepared_for_a_third_wave/
17-01-21,4,Moderna Using COVID Vaccine Technology To Make Flu HIV Shots,southafrica,http://www.reddit.com/r/southafrica/comments/kz5f3q/moderna_using_covid19_vaccine_technology_to_make/
17-01-21,13,Did you guys download the governments Covidapp,southafrica,http://www.reddit.com/r/southafrica/comments/kz3xc9/did_you_guys_download_the_governments_covid_19_app/
17-01-21,2,Condolences pour in as KZN MEC Bheki Ntuli succumbs to CovidIOL,southafrica,http://www.reddit.com/r/southafrica/comments/kz7ugt/condolences_pour_in_as_kzn_mec_bheki_ntuli/
16-01-21,4,The money will be there  Ramaphosa promises Treasury will have the cash for Covid vaccineSowetanLIVE,southafrica,http://www.reddit.com/r/southafrica/comments/kye4x6/the_money_will_be_there_ramaphosa_promises/
15-01-21,7,No money for Covid relief says RamaphosaBusiness Day,southafrica,http://www.reddit.com/r/southafrica/comments/kxw68e/no_money_for_covid19_relief_says_ramaphosa/
15-01-21,17,Covid did not come through Zimbabwe or Lesotho It came from ItalyMalema,southafrica,http://www.reddit.com/r/southafrica/comments/kxvup5/covid19_did_not_come_through_zimbabwe_or_lesotho/
14-01-21,0,Winde on Covid vaccines Western Cape open to accepting jabs if it is able to get moreNews,southafrica,http://www.reddit.com/r/southafrica/comments/kx78f8/winde_on_covid19_vaccines_western_cape_open_to/
13-01-21,0,WC still in the peak of COVID second wave  provincial health deptEyewitness News,southafrica,http://www.reddit.com/r/southafrica/comments/kwi2c7/wc_still_in_the_peak_of_covid19_second_wave/
12-01-21,0,COVID Travellers at Lebombo Border grow impatient after SA borders closedEyewitness News,southafrica,http://www.reddit.com/r/southafrica/comments/kvt89i/covid19_travellers_at_lebombo_border_grow/
12-01-21,5,Pressure piles on at Steve Biko hospital Stretched doctors feel hopeless as Covid cases soarNews,southafrica,http://www.reddit.com/r/southafrica/comments/kvmmly/pressure_piles_on_at_steve_biko_hospital/
11-01-21,1,Ramaphosa to address South Africa on Covid lockdown on MondayBusinessTech,southafrica,http://www.reddit.com/r/southafrica/comments/kv49lz/ramaphosa_to_address_south_africa_on_covid19/
10-01-21,4,COVID Awareness,southafrica,http://www.reddit.com/r/southafrica/comments/kuaohg/covid19_awareness/
10-01-21,1,Ramaphosa NCCC to meet stakeholders over COVID spikeeNCA,southafrica,http://www.reddit.com/r/southafrica/comments/kufub6/ramaphosa_nccc_to_meet_stakeholders_over_covid19/
09-01-21,2,New research shows the PfizerBioNTech COVID vaccine can protect against the coronavirus mutations found in the Britain and South Africa,southafrica,http://www.reddit.com/r/southafrica/comments/kts5hl/new_research_shows_the_pfizerbiontech_covid19/
08-01-21,25,ANC eThekwini councillor says G towers spread Covid and whites have vaccine,southafrica,http://www.reddit.com/r/southafrica/comments/kt4nxo/anc_ethekwini_councillor_says_5g_towers_spread/
09-01-21,0,more Covid related deaths reported in SAIOL,southafrica,http://www.reddit.com/r/southafrica/comments/ktm2xf/616_more_covid19_related_deaths_reported_in_sa_iol/
08-01-21,0,So some food the camps at the KNP cant get a meal right also I found the source of the new COVID variant,southafrica,http://www.reddit.com/r/southafrica/comments/kta8gc/so_some_food_the_camps_at_the_knp_cant_get_a_meal/
15-01-21,7,They say we hit the peak of the nd wave but how do they know it wont get much worse,southafrica,http://www.reddit.com/r/southafrica/comments/kxq33z/they_say_we_hit_the_peak_of_the_2nd_wave_but_how/
07-01-21,97,SA will getmillion doses of Covid vaccine from India this month,southafrica,http://www.reddit.com/r/southafrica/comments/ksbrkv/sa_will_get_1_million_doses_of_covid19_vaccine/
08-01-21,36,Why is SA not looking into using indigenous herbs to fight Covid asks COSATU president,southafrica,http://www.reddit.com/r/southafrica/comments/kswj4t/why_is_sa_not_looking_into_using_indigenous_herbs/
08-01-21,0,new infections push SAs COVID caseload toEyewitness News,southafrica,http://www.reddit.com/r/southafrica/comments/ksxbdo/20999_new_infections_push_sas_covid19_caseload_to/
07-01-21,12,No hard lockdown for SA ANC NEC resolves amid rising Covid infections,southafrica,http://www.reddit.com/r/southafrica/comments/kslm9w/no_hard_lockdown_for_sa_anc_nec_resolves_amid/
07-01-21,8,Covid South Africa recordsmore deaths andnew cases in grim milestone,southafrica,http://www.reddit.com/r/southafrica/comments/ks5z3s/covid19_south_africa_records_844_more_deaths_and/
14-01-21,4,Where to report a company not adhering to covid regulations,southafrica,http://www.reddit.com/r/southafrica/comments/kwyqou/where_to_report_a_company_not_adhering_to_covid/
07-01-21,3,Will SA citizens be forced to get Covid vaccine Zweli Mkhize answersTimesLIVE,southafrica,http://www.reddit.com/r/southafrica/comments/ksex56/will_sa_citizens_be_forced_to_get_covid19_vaccine/
07-01-21,0,Covid South Africa recordsmore deaths andnew cases in grim milestoneNews,southafrica,http://www.reddit.com/r/southafrica/comments/ks7vl0/covid19_south_africa_records_844_more_deaths_and/
06-01-21,1,COVID vaccine may need to be reengineered for South AfricaMyBroadband,southafrica,http://www.reddit.com/r/southafrica/comments/krim1m/covid19_vaccine_may_need_to_be_reengineered_for/
05-01-21,1,Covid response Dont work on your own Thuli Madonsela tells govt,southafrica,http://www.reddit.com/r/southafrica/comments/kr3vva/covid19_response_dont_work_on_your_own_thuli/
05-01-21,22,Lunacy of the highest order ANC KZN summons councillor over Covid misinformation voicenoteNews,southafrica,http://www.reddit.com/r/southafrica/comments/kqsvx4/lunacy_of_the_highest_order_anc_kzn_summons/
05-01-21,14,South Africa offered a discount on Covid vaccines  but government says its still too muchBusinessTech,southafrica,http://www.reddit.com/r/southafrica/comments/kqsvwm/south_africa_offered_a_discount_on_covid19/
04-01-21,8,Government assurances of credible action on Covid vaccines sound disturbingly hollow,southafrica,http://www.reddit.com/r/southafrica/comments/kq9bmz/government_assurances_of_credible_action_on/
04-01-21,7,Covid vaccine bilateral negotiations began in SeptemberHealth Dept,southafrica,http://www.reddit.com/r/southafrica/comments/kq6sox/covid19_vaccine_bilateral_negotiations_began_in/
04-01-21,12,Mkhize Govt aims to secure COVID vaccines as early as FebruaryEyewitness News,southafrica,http://www.reddit.com/r/southafrica/comments/kq3gi6/mkhize_govt_aims_to_secure_covid19_vaccines_as/
04-01-21,9,Dr Cloete Western Cape officials expecting the Covid peak this coming week,southafrica,http://www.reddit.com/r/southafrica/comments/kq2w92/dr_cloete_western_cape_officials_expecting_the/
04-01-21,20,Covid variant in South Africa may disable current mRNA based vaccines,southafrica,http://www.reddit.com/r/southafrica/comments/kqewm2/covid19_variant_in_south_africa_may_disable/
10-01-21,126,What would you like South Africas future relationship with alcohol to be,southafrica,http://www.reddit.com/r/southafrica/comments/ku6z34/what_would_you_like_south_africas_future/
04-01-21,3,At leastfake Covid tests discovered at Beitbridge border crossingNews,southafrica,http://www.reddit.com/r/southafrica/comments/kq3giq/at_least_50_fake_covid19_tests_discovered_at/
03-01-21,1,The Covid vaccine and the danger of creating false expectations,southafrica,http://www.reddit.com/r/southafrica/comments/kpou0v/the_covid19_vaccine_and_the_danger_of_creating/
02-01-21,14,Discovery allocates funds for COVID vaccine,southafrica,http://www.reddit.com/r/southafrica/comments/kp1e3b/discovery_allocates_funds_for_covid19_vaccine/
03-01-21,22,A bit of a conspiracy theory regarding Covid,southafrica,http://www.reddit.com/r/southafrica/comments/kpgyrm/a_bit_of_a_conspiracy_theory_regarding_covid19/
03-01-21,3,South Africas Covid deaths reachesIOL,southafrica,http://www.reddit.com/r/southafrica/comments/kpfvyp/south_africas_covid19_deaths_reaches_29_175_iol/
02-01-21,7,Durban bridetobe and both parents wiped out by Covid three days apartIOL,southafrica,http://www.reddit.com/r/southafrica/comments/koytee/durban_bridetobe_and_both_parents_wiped_out_by/
02-01-21,1,New Years Day seesnew cases of Covid andmore deaths in SAIOL,southafrica,http://www.reddit.com/r/southafrica/comments/koswuh/new_years_day_sees_6_726_new_cases_of_covid19_and/
01-01-21,10,SA breachesmark for new daily Covid casesIOL,southafrica,http://www.reddit.com/r/southafrica/comments/ko6zuj/sa_breaches_18_000_mark_for_new_daily_covid19/
31-12-20,1,Record number of daily Covid infections reported in South AfricaBusinessTech,southafrica,http://www.reddit.com/r/southafrica/comments/knrekz/record_number_of_daily_covid19_infections/
31-12-20,0,After COVID ravaged the SA labour market inmore gloom set for,southafrica,http://www.reddit.com/r/southafrica/comments/knmvdx/after_covid19_ravaged_the_sa_labour_market_in/
31-12-20,0,All travellers entering SA must produce Covid test resultsMotsoalediNews,southafrica,http://www.reddit.com/r/southafrica/comments/knl4t9/all_travellers_entering_sa_must_produce_covid19/
30-12-20,0,COVID South Africa recordsnew deathseNCA,southafrica,http://www.reddit.com/r/southafrica/comments/kmxafs/covid19_south_africa_records_497_new_deaths_enca/
29-12-20,13,Fearing that villagers in Thabo Mofutsanyane South Africa would run out of food after the country went into lockdown due to COVID volunteers of Tzu Chi Foundation an international NGO based in Taiwan traveledkm from Ladysmith to deliver food to a total offamilies in need,southafrica,http://www.reddit.com/r/southafrica/comments/km9mcr/fearing_that_villagers_in_thabo_mofutsanyane/
29-12-20,0,Mkhize concerned over number of health workers contracting COVIDEyewitness News,southafrica,http://www.reddit.com/r/southafrica/comments/kmfyig/mkhize_concerned_over_number_of_health_workers/
29-12-20,7,new COVID deaths take SAs toll toEyewitness News,southafrica,http://www.reddit.com/r/southafrica/comments/km9bu9/336_new_covid19_deaths_take_sas_toll_to_27071/
28-12-20,0,COVID second wave peaks still a way off in Gauteng KZN,southafrica,http://www.reddit.com/r/southafrica/comments/klr36f/covid19_second_wave_peaks_still_a_way_off_in/
28-12-20,14,South Africa crosses one million cases of COVIDAl Jazeera English,southafrica,http://www.reddit.com/r/southafrica/comments/kllggz/south_africa_crosses_one_million_cases_of_covid19/
28-12-20,0,Covid cases increasing faster than expected says MkhizeIOL,southafrica,http://www.reddit.com/r/southafrica/comments/kls0du/covid19_cases_increasing_faster_than_expected/
28-12-20,14,What happened to the field hospitals in CPT JHB and PE to treat Covid,southafrica,http://www.reddit.com/r/southafrica/comments/kllkfg/what_happened_to_the_field_hospitals_in_cpt_jhb/
27-12-20,14,More lockdown restrictions loom as South African nearsmillion Covid infections reportBusinessTech,southafrica,http://www.reddit.com/r/southafrica/comments/kkz7pp/more_lockdown_restrictions_loom_as_south_african/
27-12-20,0,NCCC meets as COVID cases nearmillioneNCA,southafrica,http://www.reddit.com/r/southafrica/comments/kl4yyf/nccc_meets_as_covid19_cases_near_1_million_enca/
27-12-20,3,COVID Alert App Issues,southafrica,http://www.reddit.com/r/southafrica/comments/kl2o5f/covid19_alert_app_issues/
26-12-20,20,Prisoners to be some of the first to receive vaccinations for COVID,southafrica,http://www.reddit.com/r/southafrica/comments/kkhtgz/prisoners_to_be_some_of_the_first_to_receive/
26-12-20,0,new COVID cases recorded in SAmore related deathsEyewitness News,southafrica,http://www.reddit.com/r/southafrica/comments/kkjtdy/14796_new_covid19_cases_recorded_in_sa_293_more/
26-12-20,7,Covid SA records overcases for rd day in a row as infections near million markNews,southafrica,http://www.reddit.com/r/southafrica/comments/kkefl2/covid19_sa_records_over_14_000_cases_for_3rd_day/
25-12-20,0,UK confirms two Covid variants praises SA geneticists,southafrica,http://www.reddit.com/r/southafrica/comments/kjztnd/uk_confirms_two_covid19_variants_praises_sa/
25-12-20,13,Mkhize slams UK government for COVID variant claims Mkhize said there is evidence the UK variant developed earlier than the South African one,southafrica,http://www.reddit.com/r/southafrica/comments/kjvnod/mkhize_slams_uk_government_for_covid19_variant/
24-12-20,1,UK confirms two Covid variants praises SA geneticistsCitizen,southafrica,http://www.reddit.com/r/southafrica/comments/kjgrlg/uk_confirms_two_covid19_variants_praises_sa/
24-12-20,30,SA sees its highest ever daily increase of COVID infectionsEyewitness News,southafrica,http://www.reddit.com/r/southafrica/comments/kjas2l/sa_sees_its_highest_ever_daily_increase_of/
23-12-20,5,Another new variant of COVID is spreading rapidly in South Africa,southafrica,http://www.reddit.com/r/southafrica/comments/kiygwe/another_new_variant_of_covid19_is_spreading/
23-12-20,3,COVID in SA Western Cape could ask for military help,southafrica,http://www.reddit.com/r/southafrica/comments/kiwjf4/covid19_in_sa_western_cape_could_ask_for_military/
23-12-20,0,Cape Town should hit peak of second Covid wave within the next month premierBusinessTech,southafrica,http://www.reddit.com/r/southafrica/comments/kiukjt/cape_town_should_hit_peak_of_second_covid19_wave/
23-12-20,0,Covidrelated death toll surpasseswithnew deathsNews,southafrica,http://www.reddit.com/r/southafrica/comments/kiukkh/covid19related_death_toll_surpasses_25_000_with/
22-12-20,7,OPINIONCovid A doctors open letter to Cape TownNews,southafrica,http://www.reddit.com/r/southafrica/comments/ki3z8u/opinion_covid19_a_doctors_open_letter_to_cape/
22-12-20,0,SARS closes offices as second Covid wave hits South AfricaBusinessTech,southafrica,http://www.reddit.com/r/southafrica/comments/ki6wpw/sars_closes_offices_as_second_covid19_wave_hits/
22-12-20,0,SA approachesCovid deaths withinhoursTimesLIVE,southafrica,http://www.reddit.com/r/southafrica/comments/ki098s/sa_approaches_25000_covid19_deaths_with_216_in_24/
21-12-20,3,ANC cancels all anniversary celebrations amid spike in Covid casesNews,southafrica,http://www.reddit.com/r/southafrica/comments/khizr6/anc_cancels_all_anniversary_celebrations_amid/
21-12-20,3,Covid almost wipes out whole family days before holidaysIOL,southafrica,http://www.reddit.com/r/southafrica/comments/khc6uc/covid19_almost_wipes_out_whole_family_days_before/
20-12-20,1,Covid Netcare suspends some surgeries limits visitors nationwideNews,southafrica,http://www.reddit.com/r/southafrica/comments/kgvd5e/covid19_netcare_suspends_some_surgeries_limits/
