"date","num_comments","title","subreddit","URL"
"09-07-21",36,"Covid vaccines for people over 35 in South Africa  registration and rollout dates - Registrations open 15 July. The rollout starts 1 August.","southafrica","http://www.reddit.com/r/southafrica/comments/ogpu4z/covid_vaccines_for_people_over_35_in_south_africa/"
"09-07-21",11,"People aged between 35 &amp; 49 can register for COVID jabs from 15 July","southafrica","http://www.reddit.com/r/southafrica/comments/ogqfh9/people_aged_between_35_49_can_register_for_covid/"
"09-07-21",2,"City of Johannesburg Mayor Geoff Makhubo has died from Covid-19","southafrica","http://www.reddit.com/r/southafrica/comments/ogt07z/city_of_johannesburg_mayor_geoff_makhubo_has_died/"
"08-07-21",2,"Covid-19: Gauteng records deadliest week on record amid third wave driven by De","southafrica","http://www.reddit.com/r/southafrica/comments/og0rpe/covid19_gauteng_records_deadliest_week_on_record/"
"07-07-21",28,"Proceed with caution: Employers have a right to insist that employees be vaccinated against Covid-19","southafrica","http://www.reddit.com/r/southafrica/comments/ofc8jc/proceed_with_caution_employers_have_a_right_to/"
"08-07-21",15,"Helping my Girlfriend","southafrica","http://www.reddit.com/r/southafrica/comments/ogcjz9/helping_my_girlfriend/"
"05-07-21",11,"How are ""Nightclubs"", in your area, managing with covid and lockdowns?","southafrica","http://www.reddit.com/r/southafrica/comments/oe3mp8/how_are_nightclubs_in_your_area_managing_with/"
"08-07-21",15,"Grocery Deliveries - Options for Springs, GP","southafrica","http://www.reddit.com/r/southafrica/comments/og6ler/grocery_deliveries_options_for_springs_gp/"
"05-07-21",0,"COVID-19 in SA: 16585 new cases, 333 deaths recorded - eNCA","southafrica","http://www.reddit.com/r/southafrica/comments/oe1qns/covid19_in_sa_16585_new_cases_333_deaths_recorded/"
"04-07-21",5,"Zuma appeals against his sentence. Says he is at risk due to Covid-19","southafrica","http://www.reddit.com/r/southafrica/comments/odo9xp/zuma_appeals_against_his_sentence_says_he_is_at/"
"04-07-21",39,"Covid-19 deaths in Gauteng much worse than reported","southafrica","http://www.reddit.com/r/southafrica/comments/odhecm/covid19_deaths_in_gauteng_much_worse_than_reported/"
"04-07-21",7,"Positive New Data for Johnson &amp; Johnson Single-Shot COVID-19 Vaccine on Activity Against Delta Variant and Long-lasting Durability of Response | Johnson &amp; Johnson","southafrica","http://www.reddit.com/r/southafrica/comments/od9jbu/positive_new_data_for_johnson_johnson_singleshot/"
"07-07-21",3,"How long do you guys think it's going to be before JZ gives Schabir Shaik's doctor a call?","southafrica","http://www.reddit.com/r/southafrica/comments/ofdwp0/how_long_do_you_guys_think_its_going_to_be_before/"
"03-07-21",44,"Zuma tells ConCourt jail term is a death sentence, raises Covid-19 fears in","southafrica","http://www.reddit.com/r/southafrica/comments/ocwc8a/zuma_tells_concourt_jail_term_is_a_death_sentence/"
"06-07-21",69,"Supporters of Jacob Zuma: Why do you support him?","southafrica","http://www.reddit.com/r/southafrica/comments/oeuxy2/supporters_of_jacob_zuma_why_do_you_support_him/"
"06-07-21",6,"Governments Vaccine rollout programme","southafrica","http://www.reddit.com/r/southafrica/comments/of6biy/governments_vaccine_rollout_programme/"
"03-07-21",20,"Sahpra approves use of Sinovac Covid-19 vaccine","southafrica","http://www.reddit.com/r/southafrica/comments/octwlj/sahpra_approves_use_of_sinovac_covid19_vaccine/"
"03-07-21",1,"COVID-19: Gauteng health dept repurposing its budget to recruit more staff, beds","southafrica","http://www.reddit.com/r/southafrica/comments/ocu458/covid19_gauteng_health_dept_repurposing_its/"
"03-07-21",0,"COVID-19 in SA: 24270 new cases, 303 deaths - eNCA","southafrica","http://www.reddit.com/r/southafrica/comments/ocsz41/covid19_in_sa_24270_new_cases_303_deaths_enca/"
"06-07-21",3,"legal input needed","southafrica","http://www.reddit.com/r/southafrica/comments/oeqx9p/legal_input_needed/"
"02-07-21",14,"COVID-19 in SA: 24,270 new cases, 303 deaths","southafrica","http://www.reddit.com/r/southafrica/comments/och22i/covid19_in_sa_24270_new_cases_303_deaths/"
"02-07-21",1,"Covid-19: South Africa records 21 584 new infections, 382 deaths - News24","southafrica","http://www.reddit.com/r/southafrica/comments/oc4sxv/covid19_south_africa_records_21_584_new/"
"01-07-21",12,"SA records 383 more COVID deaths &amp; 19,506 new cases - Eyewitness News","southafrica","http://www.reddit.com/r/southafrica/comments/obg8uk/sa_records_383_more_covid_deaths_19506_new_cases/"
"01-07-21",0,"Decision on Sinovac Covid-19 vaccine application expected soon - Sahpra - News24","southafrica","http://www.reddit.com/r/southafrica/comments/obnmcz/decision_on_sinovac_covid19_vaccine_application/"
"30-06-21",9,"Edward Zuma not worried about COVID, calls on his father's supporters to gather","southafrica","http://www.reddit.com/r/southafrica/comments/oas0qn/edward_zuma_not_worried_about_covid_calls_on_his/"
"29-06-21",1,"Harold from Netflorist got Covid - I think","southafrica","http://www.reddit.com/r/southafrica/comments/oaahl7/harold_from_netflorist_got_covid_i_think/"
"28-06-21",8,"How can I report my church for letting peoole with family members at home who have covid going in to work?","southafrica","http://www.reddit.com/r/southafrica/comments/o9ecko/how_can_i_report_my_church_for_letting_peoole/"
"28-06-21",11,"Delta variant of Covid-19 hits South Africa: Gauteng will look like India, warns expert","southafrica","http://www.reddit.com/r/southafrica/comments/o9dlc0/delta_variant_of_covid19_hits_south_africa/"
"29-06-21",121,"I work at pizza perfect and I'm reviewing every pizza","southafrica","http://www.reddit.com/r/southafrica/comments/oaa0k7/i_work_at_pizza_perfect_and_im_reviewing_every/"
"26-06-21",6,"Covid-19 daily cases trend by province (26 June 2021)","southafrica","http://www.reddit.com/r/southafrica/comments/o8hu0v/covid19_daily_cases_trend_by_province_26_june_2021/"
"26-06-21",0,"Highly infectious Delta Covid variant is ripping through South Africa: health department - BusinessTech","southafrica","http://www.reddit.com/r/southafrica/comments/o8ce79/highly_infectious_delta_covid_variant_is_ripping/"
"29-06-21",21,"Trip to south Africa - Capetown","southafrica","http://www.reddit.com/r/southafrica/comments/oa6yy3/trip_to_south_africa_capetown/"
"26-06-21",1,"Are we seeing a repeat of the Indian COVID tragedy in Africa? | COVID-19 Special","southafrica","http://www.reddit.com/r/southafrica/comments/o8542j/are_we_seeing_a_repeat_of_the_indian_covid/"
"29-06-21",20,"How to send prescription medication from Western cape to Gauteng.","southafrica","http://www.reddit.com/r/southafrica/comments/oa3fas/how_to_send_prescription_medication_from_western/"
"25-06-21",22,"Police and soldiers to arrest those not wearing Covid-19 masks in Gauteng  Premier David Makhura","southafrica","http://www.reddit.com/r/southafrica/comments/o7krgl/police_and_soldiers_to_arrest_those_not_wearing/"
"25-06-21",10,"Your best Unemployment and job searching advice during a covid economy.","southafrica","http://www.reddit.com/r/southafrica/comments/o7twiv/your_best_unemployment_and_job_searching_advice/"
"25-06-21",0,"Western Cape battling to control spike in Covid-19 infections - IOL","southafrica","http://www.reddit.com/r/southafrica/comments/o7pet4/western_cape_battling_to_control_spike_in_covid19/"
"28-06-21",89,"Lockdown from your Perspective.","southafrica","http://www.reddit.com/r/southafrica/comments/o9ekiw/lockdown_from_your_perspective/"
"25-06-21",17,"EFF take to the streets to demand approval of Sputnik V and Coronavac Covid-19 vaccines - Independent Online","southafrica","http://www.reddit.com/r/southafrica/comments/o7igc8/eff_take_to_the_streets_to_demand_approval_of/"
"27-06-21",265,"Lockdown Level 4 Megathread","southafrica","http://www.reddit.com/r/southafrica/comments/o92pb1/lockdown_level_4_megathread/"
"28-06-21",14,"travel in july","southafrica","http://www.reddit.com/r/southafrica/comments/o9ebl4/travel_in_july/"
"24-06-21",4,"'People are going to die' - Doctors forced to choose who to save as Covid-19 third wave batters Gauteng - News24","southafrica","http://www.reddit.com/r/southafrica/comments/o6vl7e/people_are_going_to_die_doctors_forced_to_choose/"
"24-06-21",0,"Harder lockdown for South Africa beckons as Gauteng passes 10,000 daily Covid cases - BusinessTech","southafrica","http://www.reddit.com/r/southafrica/comments/o6vl70/harder_lockdown_for_south_africa_beckons_as/"
"23-06-21",2,"Ramaphosa worried about Gauteng COVID-19 wave - eNCA","southafrica","http://www.reddit.com/r/southafrica/comments/o67l6r/ramaphosa_worried_about_gauteng_covid19_wave_enca/"
"22-06-21",1,"Covid-19: Too late to put in tighter restrictions on Gauteng - experts - News24","southafrica","http://www.reddit.com/r/southafrica/comments/o5gsat/covid19_too_late_to_put_in_tighter_restrictions/"
"22-06-21",5,"WHO supporting South African consortium to establish first COVID mRNA vaccine technology transfer hub","southafrica","http://www.reddit.com/r/southafrica/comments/o5aiqf/who_supporting_south_african_consortium_to/"
"21-06-21",8,"North-West University, covid and exams.","southafrica","http://www.reddit.com/r/southafrica/comments/o51pv8/northwest_university_covid_and_exams/"
"24-06-21",15,"Vaccines &amp; Comorbidities","southafrica","http://www.reddit.com/r/southafrica/comments/o77b7y/vaccines_comorbidities/"
"23-06-21",90,"I'm calling it. 2 weeks max before everyone goes from chilling without masks in public to ""please stay home=O""","southafrica","http://www.reddit.com/r/southafrica/comments/o6mt2t/im_calling_it_2_weeks_max_before_everyone_goes/"
"20-06-21",0,"SA's Covid-19 cases climb by more than 13 500, 149 new deaths reported - IOL","southafrica","http://www.reddit.com/r/southafrica/comments/o3zo0x/sas_covid19_cases_climb_by_more_than_13_500_149/"
"20-06-21",3,"Joburg Mayor Geoff Makhubo positive for Covid-19 - News24","southafrica","http://www.reddit.com/r/southafrica/comments/o47j47/joburg_mayor_geoff_makhubo_positive_for_covid19/"
"23-06-21",3,"Registration at two tertiary institutions","southafrica","http://www.reddit.com/r/southafrica/comments/o67e7c/registration_at_two_tertiary_institutions/"
"19-06-21",7,"SA records more than 10,500 new Covid-19 cases in 24 hours - TimesLIVE","southafrica","http://www.reddit.com/r/southafrica/comments/o3a920/sa_records_more_than_10500_new_covid19_cases_in/"
"19-06-21",2,"COVID-19 | SANDF says Ramaphosa must approve deployment - eNCA","southafrica","http://www.reddit.com/r/southafrica/comments/o3hxtd/covid19_sandf_says_ramaphosa_must_approve/"
"19-06-21",4,"Covid-19 (Schools)","southafrica","http://www.reddit.com/r/southafrica/comments/o3fqxi/covid19_schools/"
"19-06-21",0,"COVID-19 in SA: SANDF medics deployed to Gauteng - eNCA","southafrica","http://www.reddit.com/r/southafrica/comments/o3a91g/covid19_in_sa_sandf_medics_deployed_to_gauteng/"
"19-06-21",17,"The elbow covid greeting makes no sense.","southafrica","http://www.reddit.com/r/southafrica/comments/o3adz0/the_elbow_covid_greeting_makes_no_sense/"
"21-06-21",4,"Australian wanting to visit South Africa","southafrica","http://www.reddit.com/r/southafrica/comments/o4oz70/australian_wanting_to_visit_south_africa/"
"16-06-21",5,"WATCH | We won't comply with Ramaphosa's Covid-19 lockdown rules until we get vaccines - Malema - News24","southafrica","http://www.reddit.com/r/southafrica/comments/o16w2x/watch_we_wont_comply_with_ramaphosas_covid19/"
"15-06-21",187,"Tested positive for covid, had no fever, no coughing, no loss of taste. Symptoms were headache, body ache, cold, sleepy. If you have similar symptoms get tested","southafrica","http://www.reddit.com/r/southafrica/comments/o0b7ow/tested_positive_for_covid_had_no_fever_no/"
"16-06-21",0,"Nothing worse than covid at 11pm","southafrica","http://www.reddit.com/r/southafrica/comments/o0t0lq/nothing_worse_than_covid_at_11pm/"
"16-06-21",13,"Alcohol Sales and Covid-19","southafrica","http://www.reddit.com/r/southafrica/comments/o0zbjs/alcohol_sales_and_covid19/"
"16-06-21",3,"Crime, joblessness and Covid-19: Why young people are angry and frustrated - News24","southafrica","http://www.reddit.com/r/southafrica/comments/o0yv26/crime_joblessness_and_covid19_why_young_people/"
"16-06-21",1,"President Ramaphosa addresses the nation on governments Covid-19 response - TimesLIVE","southafrica","http://www.reddit.com/r/southafrica/comments/o0yv1j/president_ramaphosa_addresses_the_nation_on/"
"18-06-21",80,"Thinking about moving to SA from the US for a few years. Concerned about the crime rate and standard of living","southafrica","http://www.reddit.com/r/southafrica/comments/o2skrn/thinking_about_moving_to_sa_from_the_us_for_a_few/"
"13-06-21",2,"Six elderly tourists die after 37 out of 40 on Namibia tour bus test positive for Covid |","southafrica","http://www.reddit.com/r/southafrica/comments/nywdbr/six_elderly_tourists_die_after_37_out_of_40_on/"
"16-06-21",4,"Where to source wholesale fabric and jewelry supplies?","southafrica","http://www.reddit.com/r/southafrica/comments/o1b3qr/where_to_source_wholesale_fabric_and_jewelry/"
"13-06-21",0,"9 320 new Covid-19 cases in SA, 114 deaths recorded By IOL Reporter 45m ago - IOL","southafrica","http://www.reddit.com/r/southafrica/comments/nyqs9q/9_320_new_covid19_cases_in_sa_114_deaths_recorded/"
"16-06-21",3,"SAA - misinformation floating around &amp; an analysis","southafrica","http://www.reddit.com/r/southafrica/comments/o0slep/saa_misinformation_floating_around_an_analysis/"
"12-06-21",5,"SA records 8,021 more COVID-19 cases, with Gauteng accounting for 60% of total - Eyewitness News","southafrica","http://www.reddit.com/r/southafrica/comments/ny8nab/sa_records_8021_more_covid19_cases_with_gauteng/"
"12-06-21",0,"Covid-19: SA records 8 021 new confirmed cases and 182 deaths - News24","southafrica","http://www.reddit.com/r/southafrica/comments/ny0s9n/covid19_sa_records_8_021_new_confirmed_cases_and/"
"13-06-21",3,"Coming into country?","southafrica","http://www.reddit.com/r/southafrica/comments/nyogqj/coming_into_country/"
"07-06-21",1,"5 074 new Covid-19 cases recorded, as SAs recovery rate stands at 93% - IOL","southafrica","http://www.reddit.com/r/southafrica/comments/nu68kg/5_074_new_covid19_cases_recorded_as_sas_recovery/"
"10-06-21",10,"Where to watch Euro 2021?","southafrica","http://www.reddit.com/r/southafrica/comments/nx0za9/where_to_watch_euro_2021/"
"05-06-21",10,"Ramaphosa wants to see black business capitalise on COVID vaccine manufacturing - Eyewitness News","southafrica","http://www.reddit.com/r/southafrica/comments/nsxl7s/ramaphosa_wants_to_see_black_business_capitalise/"
"05-06-21",5,"Over 5 600 new Covid-19 infections, 66 000 more people vaccinated - IOL","southafrica","http://www.reddit.com/r/southafrica/comments/nspvv5/over_5_600_new_covid19_infections_66_000_more/"
"04-06-21",1,"Affluent areas hard hit by pre-third wave Covid-19 spike in Cape - IOL","southafrica","http://www.reddit.com/r/southafrica/comments/ns75kp/affluent_areas_hard_hit_by_prethird_wave_covid19/"
"03-06-21",1,"COVID-19 in SA: 110 deaths, 5782 new cases recorded - eNCA","southafrica","http://www.reddit.com/r/southafrica/comments/nr758d/covid19_in_sa_110_deaths_5782_new_cases_recorded/"
"05-06-21",30,"Need some advice regarding my problematic neighbour. I'm at the end of my rope.","southafrica","http://www.reddit.com/r/southafrica/comments/nstz2w/need_some_advice_regarding_my_problematic/"
"04-06-21",18,"Four, seven and fifteen","southafrica","http://www.reddit.com/r/southafrica/comments/ns16ax/four_seven_and_fifteen/"
"01-06-21",8,"Ramaphosa announces arrival of more COVID-19 vaccine doses in SA - Eyewitness News","southafrica","http://www.reddit.com/r/southafrica/comments/npnwmk/ramaphosa_announces_arrival_of_more_covid19/"
"01-06-21",0,"Covid 19 ventilator project","southafrica","http://www.reddit.com/r/southafrica/comments/npuzhz/covid_19_ventilator_project/"
"31-05-21",1,"Further COVID-19 restrictions necessary, says Ramaphosa as SA moves to level 2 - Eyewitness News","southafrica","http://www.reddit.com/r/southafrica/comments/nox6e9/further_covid19_restrictions_necessary_says/"
"30-05-21",4,"Ramaphosa to address the nation on stricter Covid-19 lockdown measures at 19:00 - News24","southafrica","http://www.reddit.com/r/southafrica/comments/nocya2/ramaphosa_to_address_the_nation_on_stricter/"
"30-05-21",9,"My mom tested positive for covid on Tuesday and yesterday she went for an cray and they said she has pneumonia.","southafrica","http://www.reddit.com/r/southafrica/comments/nob81o/my_mom_tested_positive_for_covid_on_tuesday_and/"
"30-05-21",2,"Covid-19: Harsh curbs coming | Citypress - News24","southafrica","http://www.reddit.com/r/southafrica/comments/no5ipi/covid19_harsh_curbs_coming_citypress_news24/"
"30-05-21",0,"COVID-19 | We are approaching third wave - Ramaphosa - eNCA","southafrica","http://www.reddit.com/r/southafrica/comments/no5ip5/covid19_we_are_approaching_third_wave_ramaphosa/"
"29-05-21",1,"My web app showing trends in daily covid-19 cases by province","southafrica","http://www.reddit.com/r/southafrica/comments/nnszyo/my_web_app_showing_trends_in_daily_covid19_cases/"
"01-06-21",30,"My thoughts on trying to find employment in the current job market","southafrica","http://www.reddit.com/r/southafrica/comments/npqmj0/my_thoughts_on_trying_to_find_employment_in_the/"
"01-06-21",4,"Credit Life Insurance is a scam","southafrica","http://www.reddit.com/r/southafrica/comments/npva6w/credit_life_insurance_is_a_scam/"
"29-05-21",10,"Covid-19 vaccine rollout: 'Government is moving as fast as it can,' Parliament hears - News24","southafrica","http://www.reddit.com/r/southafrica/comments/nnhq5k/covid19_vaccine_rollout_government_is_moving_as/"
"31-05-21",16,"Travelling to UK &amp; need some insight / advice please.","southafrica","http://www.reddit.com/r/southafrica/comments/np8upe/travelling_to_uk_need_some_insight_advice_please/"
"26-05-21",55,"As someone who had covid. I'd happily be a guinea pig.","southafrica","http://www.reddit.com/r/southafrica/comments/nll86n/as_someone_who_had_covid_id_happily_be_a_guinea/"
"30-05-21",12,"Immigration spots","southafrica","http://www.reddit.com/r/southafrica/comments/no4a13/immigration_spots/"
"26-05-21",0,"Grade 12 pupil dies of Covid complications as cases rise in Free State schools - SowetanLIVE","southafrica","http://www.reddit.com/r/southafrica/comments/nlj2n8/grade_12_pupil_dies_of_covid_complications_as/"
"25-05-21",5,"Exposed: DoHs R150m Digital Vibes scandal  Zweli Mkhize associates charged millions for Covid-19 media briefings","southafrica","http://www.reddit.com/r/southafrica/comments/nkjga7/exposed_dohs_r150m_digital_vibes_scandal_zweli/"
"25-05-21",5,"UIF CFO, COO back at work after Covid-19 Ters corruption suspensions","southafrica","http://www.reddit.com/r/southafrica/comments/nkjujn/uif_cfo_coo_back_at_work_after_covid19_ters/"
"23-05-21",19,"Visiting... (Covid)","southafrica","http://www.reddit.com/r/southafrica/comments/nj5cfa/visiting_covid/"
"20-05-21",1,"Covid-19: Sharp rise in active cases in Gauteng as SA death toll increases by 167 - News24","southafrica","http://www.reddit.com/r/southafrica/comments/nh2gsd/covid19_sharp_rise_in_active_cases_in_gauteng_as/"
"20-05-21",1,"How long will you wait for a Covid-19 vaccination appointment? We answer 7 EVDS questions - News24","southafrica","http://www.reddit.com/r/southafrica/comments/ngtagd/how_long_will_you_wait_for_a_covid19_vaccination/"
"17-05-21",5,"Discovery has started Covid-19 vaccinations - and non-members can also get jabbed at its sites","southafrica","http://www.reddit.com/r/southafrica/comments/ned9yw/discovery_has_started_covid19_vaccinations_and/"
"20-05-21",11,"That red bank","southafrica","http://www.reddit.com/r/southafrica/comments/nh7g6j/that_red_bank/"
"17-05-21",0,"'It's important to give this country a fighting chance': Phase 2 of Covid-19 vaccinations starts - News24","southafrica","http://www.reddit.com/r/southafrica/comments/neiidn/its_important_to_give_this_country_a_fighting/"
"17-05-21",1,"Questions about stability of Covid-19 platform on Day 1 of second phase vaccinations - News24","southafrica","http://www.reddit.com/r/southafrica/comments/ne95l2/questions_about_stability_of_covid19_platform_on/"
"15-05-21",259,"Just some Covid-idiots starting off their Saturday","southafrica","http://www.reddit.com/r/southafrica/comments/ncxp53/just_some_covididiots_starting_off_their_saturday/"
"16-05-21",0,"Covid-19: SA reports 2750 new cases and 59 deaths By IOL Reporter -73920s ago - IOL","southafrica","http://www.reddit.com/r/southafrica/comments/ndimmq/covid19_sa_reports_2750_new_cases_and_59_deaths/"
"14-05-21",3,"Covid-19 in SA: 3221 new cases, 44 new deaths - IOL","southafrica","http://www.reddit.com/r/southafrica/comments/nc2g4g/covid19_in_sa_3221_new_cases_44_new_deaths_iol/"
"12-05-21",48,"For International Nurses Day - here is my story of how I survived 20 day's in hospital with severe Covid-19","southafrica","http://www.reddit.com/r/southafrica/comments/nalfa0/for_international_nurses_day_here_is_my_story_of/"
"16-05-21",30,"With vaccines opening up to more of the public what is your view if your opportunity came now to get one?","southafrica","http://www.reddit.com/r/southafrica/comments/ndjs91/with_vaccines_opening_up_to_more_of_the_public/"
"13-05-21",0,"New Covid-19 data shows infections rising in these areas  as third wave hits South Africa - BusinessTech","southafrica","http://www.reddit.com/r/southafrica/comments/nbal10/new_covid19_data_shows_infections_rising_in_these/"
"13-05-21",7,"Kyle Cowan | Minister Mkhize, it's time to trust South Africans with the truth around Covid-19 - News24","southafrica","http://www.reddit.com/r/southafrica/comments/nbilw2/kyle_cowan_minister_mkhize_its_time_to_trust/"
"12-05-21",22,"71% of South Africans are willing to take the Covid-19 vaccine - study - News24","southafrica","http://www.reddit.com/r/southafrica/comments/naqqku/71_of_south_africans_are_willing_to_take_the/"
"12-05-21",2,"Indias Covid Catastrophe Shows World the Danger of Complacency--- South Africa take NOTE!","southafrica","http://www.reddit.com/r/southafrica/comments/nahten/indias_covid_catastrophe_shows_world_the_danger/"
"11-05-21",16,"Blockchain-based VXPASS selected to manage and verify digital records for COVID-19 vaccination rollout for Kingdom of Lesotho","southafrica","http://www.reddit.com/r/southafrica/comments/n9zcbb/blockchainbased_vxpass_selected_to_manage_and/"
"11-05-21",3,"Covid-19: Move to a stricter lockdown level, experts warn as third wave looms - News24","southafrica","http://www.reddit.com/r/southafrica/comments/n9qzsj/covid19_move_to_a_stricter_lockdown_level_experts/"
"13-05-21",11,"I live in Korea, and its my friends birthday and I want to make her milk tart. But Ive never made it. Could someone give me a good recipe?","southafrica","http://www.reddit.com/r/southafrica/comments/nb9ryh/i_live_in_korea_and_its_my_friends_birthday_and_i/"
"08-05-21",7,"Vaccine tourism: South Africans cross border to Zimbabwe for Covid-19 jab","southafrica","http://www.reddit.com/r/southafrica/comments/n7na5q/vaccine_tourism_south_africans_cross_border_to/"
"08-05-21",18,"When will you get your COVID jab? Find out","southafrica","http://www.reddit.com/r/southafrica/comments/n7vmv2/when_will_you_get_your_covid_jab_find_out/"
"06-05-21",2,"US backs waiving patents on COVID vaccines","southafrica","http://www.reddit.com/r/southafrica/comments/n6jcal/us_backs_waiving_patents_on_covid_vaccines/"
"06-05-21",5,"SA sees jump in new COVID-19 infections as 2,073 cases recorded","southafrica","http://www.reddit.com/r/southafrica/comments/n63utt/sa_sees_jump_in_new_covid19_infections_as_2073/"
"06-05-21",1,"US back waiving patent protection for covid vaccine.","southafrica","http://www.reddit.com/r/southafrica/comments/n5zhmb/us_back_waiving_patent_protection_for_covid/"
"06-05-21",2,"REGISTRATION FOR Covid Vaccine, please make sure we do. The rollout starts with 60 and above.","southafrica","http://www.reddit.com/r/southafrica/comments/n5uv4u/registration_for_covid_vaccine_please_make_sure/"
"05-05-21",0,"Tweaked Moderna vaccine neutralises Covid variants in trials - for South African and Brazil strains","southafrica","http://www.reddit.com/r/southafrica/comments/n5rvlg/tweaked_moderna_vaccine_neutralises_covid/"
"05-05-21",18,"Ramaphosa warns vaccine hoarding hampers global fight against Covid-19 - News24","southafrica","http://www.reddit.com/r/southafrica/comments/n59r0d/ramaphosa_warns_vaccine_hoarding_hampers_global/"
"04-05-21",0,"Indian cargo ship 'quarantined' in Durban, 14 crew tested for Covid-19 - TimesLIVE","southafrica","http://www.reddit.com/r/southafrica/comments/n4qft3/indian_cargo_ship_quarantined_in_durban_14_crew/"
"07-05-21",2,"Current Calls for Comments in Parliament","southafrica","http://www.reddit.com/r/southafrica/comments/n6xe56/current_calls_for_comments_in_parliament/"
"04-05-21",4,"Covid-19: SA does not have the B.1.617 variant which is prevalent in India - Zweli Mkhize - News24","southafrica","http://www.reddit.com/r/southafrica/comments/n4i2vl/covid19_sa_does_not_have_the_b1617_variant_which/"
"03-05-21",3,"Covid-19 in South Africa: 150,000 excess deaths in one year","southafrica","http://www.reddit.com/r/southafrica/comments/n453yh/covid19_in_south_africa_150000_excess_deaths_in/"
"03-05-21",4,"Individual who travelled from India to SA tests positive for Covid-19","southafrica","http://www.reddit.com/r/southafrica/comments/n3yf2q/individual_who_travelled_from_india_to_sa_tests/"
"01-05-21",0,"Covid-19 in South Africa: Death toll climbs by 46 as infections increase by 1 086 - News24","southafrica","http://www.reddit.com/r/southafrica/comments/n2k0a9/covid19_in_south_africa_death_toll_climbs_by_46/"
"29-04-21",5,"The rand has emerged as an unlikely winner among emerging market currencies since the COVID-19 pandemic swept the globe, despite South Africa's high levels of debt and unemployment.","southafrica","http://www.reddit.com/r/southafrica/comments/n0txa0/the_rand_has_emerged_as_an_unlikely_winner_among/"
"28-04-21",25,"South Africa to use Russian and Chinese Covid-19 vaccines","southafrica","http://www.reddit.com/r/southafrica/comments/n0f4ru/south_africa_to_use_russian_and_chinese_covid19/"
"27-04-21",4,"Health Minister Mkhize notes COVID cluster outbreaks in these 3 provinces - Eyewitness News","southafrica","http://www.reddit.com/r/southafrica/comments/mzqdf4/health_minister_mkhize_notes_covid_cluster/"
"30-04-21",6,"Study on Coping with Working From Home During the Pandemic","southafrica","http://www.reddit.com/r/southafrica/comments/n1k403/study_on_coping_with_working_from_home_during_the/"
"26-04-21",7,"Moderna on Intellectual Property Matters during the COVID-19 Pandemic","southafrica","http://www.reddit.com/r/southafrica/comments/myvwxu/moderna_on_intellectual_property_matters_during/"
"28-04-21",14,"American going to Cape Town","southafrica","http://www.reddit.com/r/southafrica/comments/n0qhxd/american_going_to_cape_town/"
"20-04-21",6,"More than 343k elderly S.Africans registered for Covid-19 vaccine rollout so far","southafrica","http://www.reddit.com/r/southafrica/comments/mum45a/more_than_343k_elderly_safricans_registered_for/"
"20-04-21",32,"Does SA not require plumbers and artisans anymore?","southafrica","http://www.reddit.com/r/southafrica/comments/murt9i/does_sa_not_require_plumbers_and_artisans_anymore/"
"15-04-21",38,"My 67 year old mom survived Covid in a public hospital.","southafrica","http://www.reddit.com/r/southafrica/comments/mrqbnx/my_67_year_old_mom_survived_covid_in_a_public/"
"16-04-21",3,"73 more Covid-19 related deaths and 1 372 new cases in SA as Mkhize set to launch phase 2 of vaccine rollout - IOL","southafrica","http://www.reddit.com/r/southafrica/comments/mrxsqc/73_more_covid19_related_deaths_and_1_372_new/"
"15-04-21",47,"The Covid-19 vaccine you will receive based on where you live  and the jobs that will likely be vaccinated first - BusinessTech","southafrica","http://www.reddit.com/r/southafrica/comments/mr9fmh/the_covid19_vaccine_you_will_receive_based_on/"
"14-04-21",18,"Updates on visiting","southafrica","http://www.reddit.com/r/southafrica/comments/mqqpdz/updates_on_visiting/"
"13-04-21",10,"Operation","southafrica","http://www.reddit.com/r/southafrica/comments/mqe3x3/operation/"
"13-04-21",0,"Since you guys enjoyed the first post about my band, I decided to do another one.","southafrica","http://www.reddit.com/r/southafrica/comments/mpwfg0/since_you_guys_enjoyed_the_first_post_about_my/"
"08-04-21",0,"South Africas Covid-19 vaccination programme fallen behind at least six African countries a Bloomberg global vaccine tracker shows","southafrica","http://www.reddit.com/r/southafrica/comments/mmrz5g/south_africas_covid19_vaccination_programme/"
"08-04-21",3,"Ahead of possible third Covid wave, industry says alcohol ban doesn't work | Fin24 - News24","southafrica","http://www.reddit.com/r/southafrica/comments/mmm400/ahead_of_possible_third_covid_wave_industry_says/"
"06-04-21",33,"SA signs deal for 20 million Pfizer Covid-19 doses","southafrica","http://www.reddit.com/r/southafrica/comments/ml8666/sa_signs_deal_for_20_million_pfizer_covid19_doses/"
"06-04-21",4,"COVID-19: South Africa, Zimbabwe rush to contain potential surge","southafrica","http://www.reddit.com/r/southafrica/comments/mkzirm/covid19_south_africa_zimbabwe_rush_to_contain/"
"04-04-21",4,"Read next on IOL SA's Covid-19 death rate now at 52 954 - IOL","southafrica","http://www.reddit.com/r/southafrica/comments/mjr68g/read_next_on_iol_sas_covid19_death_rate_now_at_52/"
"03-04-21",2,"Major retailer among many rising to call to help beloved Dr Sindi in Covid-19 battle - Independent Online","southafrica","http://www.reddit.com/r/southafrica/comments/mja5dh/major_retailer_among_many_rising_to_call_to_help/"
"01-04-21",0,"Pfizer says trials suggest Covid vaccine works against South African variant, is safe after 6 months","southafrica","http://www.reddit.com/r/southafrica/comments/mi7m0s/pfizer_says_trials_suggest_covid_vaccine_works/"
"01-04-21",4,"Covid testing in Joburg/Pretoria or Limpopo?","southafrica","http://www.reddit.com/r/southafrica/comments/mhx2ve/covid_testing_in_joburgpretoria_or_limpopo/"
"30-03-21",6,"Covid 19 Situation in SA ??","southafrica","http://www.reddit.com/r/southafrica/comments/mg3xej/covid_19_situation_in_sa/"
"30-03-21",10,"South Africa launches TB mobile clinics amid COVID-19 disruption","southafrica","http://www.reddit.com/r/southafrica/comments/mg528d/south_africa_launches_tb_mobile_clinics_amid/"
"29-03-21",2,"J&amp;J To Deliver Millions of COVID-19 Vaccines To Africa","southafrica","http://www.reddit.com/r/southafrica/comments/mfuhvm/jj_to_deliver_millions_of_covid19_vaccines_to/"
"29-03-21",0,"Cape Town artists stage protest over management of Covid-19 relief funding - News24","southafrica","http://www.reddit.com/r/southafrica/comments/mfjpvh/cape_town_artists_stage_protest_over_management/"
"28-03-21",7,"Tattoo and covid","southafrica","http://www.reddit.com/r/southafrica/comments/mezbq4/tattoo_and_covid/"
"28-03-21",2,"Easter weekend: Brace for the Covid-19 perfect storm - IOL","southafrica","http://www.reddit.com/r/southafrica/comments/mewevw/easter_weekend_brace_for_the_covid19_perfect/"
"27-03-21",10,"Covid truth","southafrica","http://www.reddit.com/r/southafrica/comments/medczx/covid_truth/"
"28-03-21",5,"Kulula COVID flight refund","southafrica","http://www.reddit.com/r/southafrica/comments/mewkc6/kulula_covid_flight_refund/"
"27-03-21",5,"South African COVID Strain?","southafrica","http://www.reddit.com/r/southafrica/comments/me9ibi/south_african_covid_strain/"
"24-03-21",0,"More than 300 Covid-related deaths and health staff shortages push Eastern Cape hospitals to the edge - Daily Maverick","southafrica","http://www.reddit.com/r/southafrica/comments/mbzlsk/more_than_300_covidrelated_deaths_and_health/"
"23-03-21",11,"King Goodwill Zwelithinis memorial looked like a Covid superspreader event after officials flout regulations","southafrica","http://www.reddit.com/r/southafrica/comments/mbbnto/king_goodwill_zwelithinis_memorial_looked_like_a/"
"23-03-21",13,"SAA probed after take-off blunder on Covid vaccine flight","southafrica","http://www.reddit.com/r/southafrica/comments/mbgftu/saa_probed_after_takeoff_blunder_on_covid_vaccine/"
"23-03-21",2,"Out of 85 new Covid-19 deaths in SA, 70 are in KwaZulu-Natal - TimesLIVE","southafrica","http://www.reddit.com/r/southafrica/comments/mb8twz/out_of_85_new_covid19_deaths_in_sa_70_are_in/"
"25-03-21",48,"SANDF recruitment help","southafrica","http://www.reddit.com/r/southafrica/comments/mcz4ze/sandf_recruitment_help/"
"21-03-21",31,"President Ramaphosa promises Covid-19 vaccines 'for every person in the country' - News24","southafrica","http://www.reddit.com/r/southafrica/comments/m9yfd1/president_ramaphosa_promises_covid19_vaccines_for/"
"23-03-21",3,"Today marks 365 days since Ramaphosa announced an initial 21 day lockdown","southafrica","http://www.reddit.com/r/southafrica/comments/mblqq5/today_marks_365_days_since_ramaphosa_announced_an/"
"20-03-21",1,"Cape Town company to manufacture Covid-19 vaccine - TimesLIVE","southafrica","http://www.reddit.com/r/southafrica/comments/m91p0g/cape_town_company_to_manufacture_covid19_vaccine/"
"17-03-21",1,"Covid-19: Outbreaks at Western Cape school, prison reignite third wave fears - News24","southafrica","http://www.reddit.com/r/southafrica/comments/m72bal/covid19_outbreaks_at_western_cape_school_prison/"
"20-03-21",16,"Are most white people in SA right wing?","southafrica","http://www.reddit.com/r/southafrica/comments/m8x1st/are_most_white_people_in_sa_right_wing/"
"13-03-21",42,"Insurers planning for two and a half more Covid-19 waves in South Africa","southafrica","http://www.reddit.com/r/southafrica/comments/m40idl/insurers_planning_for_two_and_a_half_more_covid19/"
"16-03-21",6,"Potential to fly out of the country in 8-9 months?","southafrica","http://www.reddit.com/r/southafrica/comments/m6ckl2/potential_to_fly_out_of_the_country_in_89_months/"
"16-03-21",9,"Safari in Botswana/S Africa","southafrica","http://www.reddit.com/r/southafrica/comments/m64bfn/safari_in_botswanas_africa/"
"15-03-21",1,"Visa extensions","southafrica","http://www.reddit.com/r/southafrica/comments/m5qwep/visa_extensions/"
"14-03-21",39,"Would you recommend an American visit right now?","southafrica","http://www.reddit.com/r/southafrica/comments/m52pnc/would_you_recommend_an_american_visit_right_now/"
"11-03-21",6,"Mauritius Will Provide Free Visas and COVID-19 Vaccines to Long-term Visitors. The program is part of an effort to fully reopen the country's borders and entice long-term visitors.","southafrica","http://www.reddit.com/r/southafrica/comments/m2k2he/mauritius_will_provide_free_visas_and_covid19/"
"14-03-21",3,"Anybody know a place in South Africa that does custom ashtrays?","southafrica","http://www.reddit.com/r/southafrica/comments/m4wpw7/anybody_know_a_place_in_south_africa_that_does/"
"13-03-21",41,"Travelling to SA","southafrica","http://www.reddit.com/r/southafrica/comments/m4eixr/travelling_to_sa/"
"11-03-21",7,"A Question for any South African Lawyers, or people familiar with the law.","southafrica","http://www.reddit.com/r/southafrica/comments/m2r3nl/a_question_for_any_south_african_lawyers_or/"
"07-03-21",1,"Absa Deputy CEO Peter Matlare has died from Covid-19 complications","southafrica","http://www.reddit.com/r/southafrica/comments/m00wfq/absa_deputy_ceo_peter_matlare_has_died_from/"
"10-03-21",8,"Homeless shelters in Rosebank/Jnb","southafrica","http://www.reddit.com/r/southafrica/comments/m29scc/homeless_shelters_in_rosebankjnb/"
"07-03-21",0,"Covid-19: SA finalising sale of 1m AstraZeneca vaccine doses to AU at price purchased from India - News24","southafrica","http://www.reddit.com/r/southafrica/comments/lzlbz4/covid19_sa_finalising_sale_of_1m_astrazeneca/"
"06-03-21",2,"Did they also just implement a Covid alcohol ban in Japan?","southafrica","http://www.reddit.com/r/southafrica/comments/lzazus/did_they_also_just_implement_a_covid_alcohol_ban/"
"06-03-21",3,"Covid-19: SA finalising sale of 1m AstraZeneca vaccine doses to AU at price purchased from India - News24","southafrica","http://www.reddit.com/r/southafrica/comments/lz3a4m/covid19_sa_finalising_sale_of_1m_astrazeneca/"
"06-03-21",4,"Covid-19: SA finalising sale of 1m AstraZeneca vaccine doses to AU at price purchased from India - News24","southafrica","http://www.reddit.com/r/southafrica/comments/lyw7iy/covid19_sa_finalising_sale_of_1m_astrazeneca/"
"06-03-21",8,"Covid-19 deaths in SA rise to 50 566, with 1 313 new cases By IOL - IOL","southafrica","http://www.reddit.com/r/southafrica/comments/lyw7im/covid19_deaths_in_sa_rise_to_50_566_with_1_313/"
"05-03-21",14,"SCORPIO: Digital Vibes owner worked at a fuel station during R82m Department of Health Covid-19 contract","southafrica","http://www.reddit.com/r/southafrica/comments/lymdqf/scorpio_digital_vibes_owner_worked_at_a_fuel/"
"05-03-21",3,"Bloomberg - South Africa to miss Covid-19 vaccination targets","southafrica","http://www.reddit.com/r/southafrica/comments/lycct8/bloomberg_south_africa_to_miss_covid19/"
"05-03-21",7,"South Africas actual Covid-19 death rate  one year later - BusinessTech","southafrica","http://www.reddit.com/r/southafrica/comments/lydnh9/south_africas_actual_covid19_death_rate_one_year/"
"05-03-21",0,"1 404 new Covid-19 cases identified in SA 6h ago - IOL","southafrica","http://www.reddit.com/r/southafrica/comments/ly6b22/1_404_new_covid19_cases_identified_in_sa_6h_ago/"
"05-03-21",0,"A year of Covid-19 in SA: This is why alcohol was banned By Se-Anne - IOL","southafrica","http://www.reddit.com/r/southafrica/comments/ly6b1s/a_year_of_covid19_in_sa_this_is_why_alcohol_was/"
"04-03-21",1,"New SA Covid-19 cases rise over 1 000, with 95 deaths IOL News - IOL","southafrica","http://www.reddit.com/r/southafrica/comments/lxeu19/new_sa_covid19_cases_rise_over_1_000_with_95/"
"03-03-21",5,"Covid-19 third wave might hit earlier than expected - News24","southafrica","http://www.reddit.com/r/southafrica/comments/lwvu4n/covid19_third_wave_might_hit_earlier_than/"
"03-03-21",2,"Covid-19 third wave might hit earlier than expected - News24","southafrica","http://www.reddit.com/r/southafrica/comments/lwnnbp/covid19_third_wave_might_hit_earlier_than/"
"02-03-21",11,"Covid-19 third wave might hit earlier than expected - News24","southafrica","http://www.reddit.com/r/southafrica/comments/lvw3zg/covid19_third_wave_might_hit_earlier_than/"
"03-03-21",20,"A birthday gift from South Africa","southafrica","http://www.reddit.com/r/southafrica/comments/lwqqd0/a_birthday_gift_from_south_africa/"
"26-02-21",0,"COVID-19 Vaccination Programme rollout","southafrica","http://www.reddit.com/r/southafrica/comments/lsyjj6/covid19_vaccination_programme_rollout/"
"24-02-21",11,"Zweli Mkhizes family friend and ex-private secretary pocket Covid-19 cash via R82m Department of Health contracts - Daily Maverick","southafrica","http://www.reddit.com/r/southafrica/comments/lr68j7/zweli_mkhizes_family_friend_and_exprivate/"
"23-02-21",4,"Covid-19 corruption in Gauteng: Makhura vows to jail guilty culprits - News24","southafrica","http://www.reddit.com/r/southafrica/comments/lqkbum/covid19_corruption_in_gauteng_makhura_vows_to/"
"22-02-21",2,"Doctors allegedly denied COVID-19 vaccine at Steve Biko Hospital speak out","southafrica","http://www.reddit.com/r/southafrica/comments/lpogwy/doctors_allegedly_denied_covid19_vaccine_at_steve/"
"25-02-21",14,"Help my friend fulfill his lifelong dream of being a Yacht Captain","southafrica","http://www.reddit.com/r/southafrica/comments/ls2170/help_my_friend_fulfill_his_lifelong_dream_of/"
"20-02-21",10,"France wants to support SA in producing Covid-19 vaccine - News24","southafrica","http://www.reddit.com/r/southafrica/comments/lo8t6m/france_wants_to_support_sa_in_producing_covid19/"
"23-02-21",32,"When will home affairs be giving passports again?","southafrica","http://www.reddit.com/r/southafrica/comments/lqooig/when_will_home_affairs_be_giving_passports_again/"
"20-02-21",0,"Inside Covid-19: Meet 32-year-old SA scientist at forefront of global research into variants; big pharma retools vaccines - BizNews","southafrica","http://www.reddit.com/r/southafrica/comments/lo1kxx/inside_covid19_meet_32yearold_sa_scientist_at/"
"18-02-21",279,"Tygerberg Doctor reveals truth about Covid vaccines!","southafrica","http://www.reddit.com/r/southafrica/comments/lmemac/tygerberg_doctor_reveals_truth_about_covid/"
"22-02-21",6,"Deeds office current turnaround time","southafrica","http://www.reddit.com/r/southafrica/comments/lpiihk/deeds_office_current_turnaround_time/"
"18-02-21",1,"Big Pharma wants to help poor countries fight Covid-19but theyd better pay","southafrica","http://www.reddit.com/r/southafrica/comments/lmqi61/big_pharma_wants_to_help_poor_countries_fight/"
"17-02-21",8,"No tears: Ramaphosa gets his COVID-19 vaccine jab - Eyewitness News","southafrica","http://www.reddit.com/r/southafrica/comments/llwc73/no_tears_ramaphosa_gets_his_covid19_vaccine_jab/"
"16-02-21",13,"A Covid-19 vaccine apartheid would endanger us all","southafrica","http://www.reddit.com/r/southafrica/comments/ll8n6o/a_covid19_vaccine_apartheid_would_endanger_us_all/"
"15-02-21",4,"ILRIG's latest infographic in which they highlight the need for a public, free and equitable approach to COVID-19 vaccines, and debunk some common myths around them","southafrica","http://www.reddit.com/r/southafrica/comments/lkel3j/ilrigs_latest_infographic_in_which_they_highlight/"
"15-02-21",13,"Surprisingly high number of South Africans have COVID-19 antibodies","southafrica","http://www.reddit.com/r/southafrica/comments/lkajpv/surprisingly_high_number_of_south_africans_have/"
"17-02-21",5,"Business Issue with SARS","southafrica","http://www.reddit.com/r/southafrica/comments/llsih5/business_issue_with_sars/"
"13-02-21",2,"SA secures over 40m COVID-19 vaccine doses ahead of mass rollout - Eyewitness News","southafrica","http://www.reddit.com/r/southafrica/comments/livgu0/sa_secures_over_40m_covid19_vaccine_doses_ahead/"
"14-02-21",4,"My time at the cape of Good Hope","southafrica","http://www.reddit.com/r/southafrica/comments/ljvduj/my_time_at_the_cape_of_good_hope/"
"11-02-21",11,"Covid may have killed 1 in 300 in the Eastern Cape â€“ perhaps the worst rate in the world","southafrica","http://www.reddit.com/r/southafrica/comments/lhdret/covid_may_have_killed_1_in_300_in_the_eastern/"
"10-02-21",2,"Covid-19 vaccine: Johnson &amp; Johnson applies for emergency authorisation from SAHPRA - IOL","southafrica","http://www.reddit.com/r/southafrica/comments/lgve17/covid19_vaccine_johnson_johnson_applies_for/"
"13-02-21",0,"SA Soccer Economics Short Form podcast","southafrica","http://www.reddit.com/r/southafrica/comments/liy064/sa_soccer_economics_short_form_podcast/"
"12-02-21",99,"What happened to SA?","southafrica","http://www.reddit.com/r/southafrica/comments/li2se4/what_happened_to_sa/"
"08-02-21",3,"I just wanted to take time to point out two great South African doctors who have been saving lives during this time of COVID-19","southafrica","http://www.reddit.com/r/southafrica/comments/lfiyk9/i_just_wanted_to_take_time_to_point_out_two_great/"
"12-02-21",16,"Has anyone noticed a change in the drinking water?","southafrica","http://www.reddit.com/r/southafrica/comments/lhzv5t/has_anyone_noticed_a_change_in_the_drinking_water/"
"08-02-21",1,"How dodgy officials cashed in on South Africas Covid-19 pandemic: Ramaphosa - BusinessTech","southafrica","http://www.reddit.com/r/southafrica/comments/lf6aqy/how_dodgy_officials_cashed_in_on_south_africas/"
"08-02-21",0,"Covid-19: RwandAir suspends flights to southern Africa","southafrica","http://www.reddit.com/r/southafrica/comments/lf6uxi/covid19_rwandair_suspends_flights_to_southern/"
"07-02-21",7,"AstraZeneca vaccine far less effective against South African Covid-19 variant","southafrica","http://www.reddit.com/r/southafrica/comments/leifbj/astrazeneca_vaccine_far_less_effective_against/"
"06-02-21",3,"South Africa: Probe finds $17m hole in COVID funds - Al Jazeera English","southafrica","http://www.reddit.com/r/southafrica/comments/ldz70k/south_africa_probe_finds_17m_hole_in_covid_funds/"
"06-02-21",0,"Mkhize explains why SA is paying more for the Covid-19 vaccine in comparison to other nations - SowetanLIVE","southafrica","http://www.reddit.com/r/southafrica/comments/ldz6zn/mkhize_explains_why_sa_is_paying_more_for_the/"
"06-02-21",0,"Nearly 300 new COVID deaths, SA recovery rate at 90.8% - Eyewitness News","southafrica","http://www.reddit.com/r/southafrica/comments/lds1xd/nearly_300_new_covid_deaths_sa_recovery_rate_at/"
"06-02-21",0,"SA records 3,751 new Covid-19 infections and 261 deaths in 24 hours - TimesLIVE","southafrica","http://www.reddit.com/r/southafrica/comments/lds1wr/sa_records_3751_new_covid19_infections_and_261/"
"05-02-21",17,"'No meaningful evidence for clinical efficacy in patients with Covid-19' - ivermectin manufacturer","southafrica","http://www.reddit.com/r/southafrica/comments/ldb84x/no_meaningful_evidence_for_clinical_efficacy_in/"
"08-02-21",23,"Family starting Ivermectin treatment today. Should I take it?","southafrica","http://www.reddit.com/r/southafrica/comments/lff5pg/family_starting_ivermectin_treatment_today_should/"
"05-02-21",0,"PPE in the crosshairs as AG guns for militarys R4.3bn Covid allocation","southafrica","http://www.reddit.com/r/southafrica/comments/ld4vcq/ppe_in_the_crosshairs_as_ag_guns_for_militarys/"
"05-02-21",5,"Covid in Hospital","southafrica","http://www.reddit.com/r/southafrica/comments/lcyqml/covid_in_hospital/"
"03-02-21",10,"You can now register online for a COVID-19 vaccine in South Africa","southafrica","http://www.reddit.com/r/southafrica/comments/lboun4/you_can_now_register_online_for_a_covid19_vaccine/"
"03-02-21",1,"SA launches electronic COVID-19 vaccination system - Connecting Africa","southafrica","http://www.reddit.com/r/southafrica/comments/lbr5rr/sa_launches_electronic_covid19_vaccination_system/"
"03-02-21",4,"DOCUMENTARY: Scramble for COVID-19 vaccine","southafrica","http://www.reddit.com/r/southafrica/comments/lbju7t/documentary_scramble_for_covid19_vaccine/"
"02-02-21",1,"Report shows how South African workers were scammed out of Covid-19 payments by their bosses - BusinessTech","southafrica","http://www.reddit.com/r/southafrica/comments/laxgb0/report_shows_how_south_african_workers_were/"
"02-02-21",2,"Australia Test tour to South Africa called off due to escalating Covid-19 situation","southafrica","http://www.reddit.com/r/southafrica/comments/lasilp/australia_test_tour_to_south_africa_called_off/"
"02-02-21",3,"SA to nominate Cuban doctors for Nobel Peace Prize for helping in fight against Covid-19 - News24","southafrica","http://www.reddit.com/r/southafrica/comments/laxg8i/sa_to_nominate_cuban_doctors_for_nobel_peace/"
"05-02-21",27,"Anyone else being Fooked by Planet Fitness?","southafrica","http://www.reddit.com/r/southafrica/comments/ld1v4g/anyone_else_being_fooked_by_planet_fitness/"
"01-02-21",1,"My fellow South Africans, check out my succinct COVID-19 site.","southafrica","http://www.reddit.com/r/southafrica/comments/lackt9/my_fellow_south_africans_check_out_my_succinct/"
"01-02-21",1,"Ramaphosa defends enforcing lockdown to curb COVID-19 infections - Eyewitness News","southafrica","http://www.reddit.com/r/southafrica/comments/la4y5j/ramaphosa_defends_enforcing_lockdown_to_curb/"
"01-02-21",14,"South Africa set to receive another 20 million surprise Covid-19 vaccine doses","southafrica","http://www.reddit.com/r/southafrica/comments/l9uufz/south_africa_set_to_receive_another_20_million/"
"01-02-21",7,"President Cyril Ramaphosa to personally receive first batch of Covid-19 vaccine doses - News24","southafrica","http://www.reddit.com/r/southafrica/comments/l9x8e7/president_cyril_ramaphosa_to_personally_receive/"
"30-01-21",9,"The Supreme Court of Appeal has found that while the Covid-19 pandemic poses the biggest threat to this country since the Spanish flu a century ago, some restrictions infringed on our rights  like banning hot food and curbing exercise.","southafrica","http://www.reddit.com/r/southafrica/comments/l8vfx2/the_supreme_court_of_appeal_has_found_that_while/"
"31-01-21",3,"Covid-19: South Africa records 5 297 new cases, 318 more deaths - News24","southafrica","http://www.reddit.com/r/southafrica/comments/l96yma/covid19_south_africa_records_5_297_new_cases_318/"
"02-02-21",5,"What are some popular travel destinations for South Africans?","southafrica","http://www.reddit.com/r/southafrica/comments/lb6r8u/what_are_some_popular_travel_destinations_for/"
"30-01-21",39,"GROUNDUP Op-ed: Covid-19: Ivermectin obsession is dangerous","southafrica","http://www.reddit.com/r/southafrica/comments/l8g9r0/groundup_oped_covid19_ivermectin_obsession_is/"
"02-02-21",8,"Cuban Medical Brigade to be nominated for Nobel peace prize","southafrica","http://www.reddit.com/r/southafrica/comments/laqq9z/cuban_medical_brigade_to_be_nominated_for_nobel/"
